time,signal_amplitude,TK_amplitude
33.369373046875,-1.0,-1.0
33.37453515625,-0.13211668,-0.13211668
33.37760546875,0.1375438,0.1375438
33.38365625,-0.03207612,-0.03207612
33.38896875,0.03280008,0.03280008
33.39477734375,0.18564129,0.18564129
33.397005859375,0.19361448,0.19361448
33.400513671875,-0.07947254,-0.07947254
33.40289453125,0.5325053,0.5325053
33.407009765625,0.23092782,0.23092782
33.410498046875,0.34582222,0.34582222
33.412619140625,0.1850872,0.1850872
33.4171328125,0.26452613,0.26452613
33.4213828125,0.0048464537,0.0048464537
33.424314453125,0.4204265,0.4204265
33.426580078125,0.1523366,0.1523366
33.429689453125,0.28252077,0.28252077
33.43298828125,0.07199073,0.07199073
33.43696875,-0.7273494,-0.7273494
33.44112109375,-0.014517188,-0.014517188
33.446255859375,0.23521483,0.23521483
33.448486328125,0.10020149,0.10020149
33.45288671875,0.72332704,0.72332704
33.457431640625,-0.45918596,-0.45918596
33.460810546875,0.04157555,0.04157555
33.46623828125,0.056292295,0.056292295
33.4683203125,0.35639703,0.35639703
33.470669921875,0.8490987,0.8490987
33.473525390625,0.31935,0.31935
33.475923828125,-0.047335148,-0.047335148
33.478796875,0.4053086,0.4053086
33.484390625,0.2660575,0.2660575
33.489849609375,0.099242926,0.099242926
33.49869921875,0.18436253,0.18436253
33.500853515625,-0.06338096,-0.06338096
33.504994140625,-1.0,-1.0
33.5102109375,0.0067726374,0.0067726374
33.519072265625,0.18908799,0.18908799
33.521078125,-0.040197372,-0.040197372
33.523333984375,-0.23015273,-0.23015273
33.527087890625,0.08125615,0.08125615
33.532861328125,0.23575473,0.23575473
33.5368828125,0.6548208,0.6548208
33.538978515625,0.08718443,0.08718443
33.543751953125,-0.2819097,-0.2819097
33.54709765625,-0.045292616,-0.045292616
33.55285546875,0.06626344,0.06626344
33.5561171875,0.07389104,0.07389104
33.559451171875,0.11245549,0.11245549
33.5640546875,-0.31080163,-0.31080163
33.57105078125,0.20213616,0.20213616
33.574025390625,-0.0879668,-0.0879668
33.5815078125,0.34563386,0.34563386
33.58367578125,-0.14481556,-0.14481556
33.5861796875,0.6068785,0.6068785
33.589015625,-0.1117177,-0.1117177
33.59483984375,0.06804466,0.06804466
33.60169140625,-0.38419116,-0.38419116
33.60411328125,0.2669071,0.2669071
33.60631640625,0.14308631,0.14308631
33.612783203125,-0.11642599,-0.11642599
33.618763671875,-0.050812125,-0.050812125
33.622177734375,0.3024758,0.3024758
33.62723046875,0.20164776,0.20164776
33.63298046875,0.109559774,0.109559774
33.636041015625,0.30186617,0.30186617
33.638146484375,0.11491668,0.11491668
33.64025,0.086170316,0.086170316
33.642765625,-0.107635975,-0.107635975
33.64536328125,0.23840058,0.23840058
33.648353515625,0.095739365,0.095739365
33.650896484375,-0.32539654,-0.32539654
33.6552265625,-0.09169626,-0.09169626
33.657591796875,0.29658377,0.29658377
33.66110546875,-0.090504885,-0.090504885
33.663609375,0.14104903,0.14104903
33.66625390625,-0.23242176,-0.23242176
33.670208984375,0.008085728,0.008085728
33.672646484375,-0.1368277,-0.1368277
33.674947265625,0.085586786,0.085586786
33.68126171875,-0.19065297,-0.19065297
33.685330078125,-0.04534304,-0.04534304
33.6883671875,0.31375837,0.31375837
33.690763671875,0.0029665232,0.0029665232
33.69416796875,0.21319723,0.21319723
33.696484375,-0.081694245,-0.081694245
33.7006328125,-0.107426405,-0.107426405
33.70283203125,0.15186083,0.15186083
33.705744140625,0.087852955,0.087852955
33.70901953125,0.14239836,0.14239836
33.71233984375,0.10136449,0.10136449
33.715310546875,0.16743588,0.16743588
33.72121875,0.16231704,0.16231704
33.724890625,-0.17021334,-0.17021334
33.728771484375,0.15698564,0.15698564
33.733751953125,0.43822932,0.43822932
33.73590234375,-0.049780726,-0.049780726
33.741783203125,0.19726646,0.19726646
33.74451953125,-0.19823968,-0.19823968
33.7482890625,0.089484334,0.089484334
33.750998046875,0.317294,0.317294
33.7568125,0.09725726,0.09725726
33.759587890625,-0.26148808,-0.26148808
33.76562109375,-0.18621504,-0.18621504
33.768419921875,-0.1807425,-0.1807425
33.773232421875,0.04721296,0.04721296
33.77906640625,0.46599197,0.46599197
33.78108203125,-0.12812912,-0.12812912
33.78781640625,0.15629184,0.15629184
33.7921953125,0.3126527,0.3126527
33.795958984375,-0.094096184,-0.094096184
33.80030078125,0.12903655,0.12903655
33.805271484375,0.11273718,0.11273718
33.8078671875,-0.28709078,-0.28709078
33.81637109375,-0.20057619,-0.20057619
33.820806640625,0.023386836,0.023386836
33.8231484375,-0.3151735,-0.3151735
33.82548046875,0.08065176,0.08065176
33.827671875,0.09930086,0.09930086
33.83432421875,0.1980412,0.1980412
33.840103515625,-0.17857218,-0.17857218
33.8472109375,0.35281658,0.35281658
33.84955078125,0.14996588,0.14996588
33.85295703125,0.12533772,0.12533772
33.855658203125,-0.024689436,-0.024689436
33.859134765625,-0.19167173,-0.19167173
33.86396875,0.2725823,0.2725823
33.86778125,0.12705374,0.12705374
33.873708984375,0.25054336,0.25054336
33.88214453125,0.18810952,0.18810952
33.884345703125,-0.03412378,-0.03412378
33.88661328125,-0.17436028,-0.17436028
33.889876953125,0.09361386,0.09361386
33.8921875,-0.1834842,-0.1834842
33.896013671875,-0.01622963,-0.01622963
33.899318359375,0.48081458,0.48081458
33.90566015625,0.13750637,0.13750637
33.908822265625,-0.14313424,-0.14313424
33.910849609375,-0.059345603,-0.059345603
33.91355859375,0.08721542,0.08721542
33.919369140625,-0.02587676,-0.02587676
33.9224453125,-0.060723543,-0.060723543
33.92542578125,0.2549727,0.2549727
33.92781640625,0.067797184,0.067797184
33.930001953125,-0.15369833,-0.15369833
33.934162109375,0.28837729,0.28837729
33.93998046875,0.14188516,0.14188516
33.94225390625,0.0736599,0.0736599
33.9494921875,0.08190119,0.08190119
33.95188671875,0.6327498,0.6327498
33.95423046875,-0.059188247,-0.059188247
33.95862109375,-0.11124444,-0.11124444
33.967279296875,0.28744817,0.28744817
33.971140625,-0.14600372,-0.14600372
33.979291015625,-0.015590787,-0.015590787
33.9850078125,-0.075172424,-0.075172424
33.991126953125,-0.123603344,-0.123603344
33.997205078125,0.15673792,0.15673792
33.999263671875,0.115823865,0.115823865
34.00156640625,0.71070015,0.71070015
34.00979296875,-0.16885042,-0.16885042
34.0165546875,0.082791924,0.082791924
34.021697265625,-0.0128980875,-0.0128980875
34.025767578125,-0.16234362,-0.16234362
34.02781640625,-0.1408099,-0.1408099
34.03312890625,0.24713159,0.24713159
34.04007421875,0.16336799,0.16336799
34.04578125,-0.20463836,-0.20463836
34.04906640625,0.9999999,0.9999999
34.051763671875,0.13812995,0.13812995
34.055548828125,0.080453396,0.080453396
34.05903125,0.13272274,0.13272274
34.0636796875,-0.20194316,-0.20194316
34.079205078125,0.09907341,0.09907341
34.081384765625,-0.17691743,-0.17691743
34.08348828125,0.15723741,0.15723741
34.094884765625,0.9999999,0.9999999
34.0989921875,-0.12964952,-0.12964952
34.106123046875,0.11142719,0.11142719
34.113486328125,-0.08883619,-0.08883619
34.11673046875,-0.17415226,-0.17415226
34.12103515625,0.0835073,0.0835073
34.126919921875,0.12907207,0.12907207
34.12909765625,0.16953051,0.16953051
34.134486328125,-0.12462497,-0.12462497
34.138677734375,-0.049677968,-0.049677968
34.14415625,0.9999999,0.9999999
34.146525390625,0.08408308,0.08408308
34.152267578125,-0.17030168,-0.17030168
34.155837890625,-0.0377388,-0.0377388
34.160263671875,0.091968894,0.091968894
34.1648203125,0.32991827,0.32991827
34.168060546875,0.11776829,0.11776829
34.170337890625,0.14350402,0.14350402
34.173001953125,-0.032936454,-0.032936454
34.179197265625,0.10759127,0.10759127
34.181853515625,0.1396668,0.1396668
34.18388671875,-0.028501153,-0.028501153
34.1858984375,-0.049640298,-0.049640298
34.18925390625,-0.4916662,-0.4916662
34.19128125,0.062161803,0.062161803
34.1994453125,0.3427688,0.3427688
34.206439453125,0.1961416,0.1961416
34.208814453125,-0.04209864,-0.04209864
34.21169921875,0.14964283,0.14964283
34.215421875,-0.010334015,-0.010334015
34.22442578125,0.15622747,0.15622747
34.2270234375,0.1272403,0.1272403
34.229052734375,-0.008454442,-0.008454442
34.232431640625,0.404871,0.404871
34.238154296875,0.9964739,0.9964739
34.242556640625,0.17723906,0.17723906
34.246166015625,-0.050631166,-0.050631166
34.252744140625,-0.032601237,-0.032601237
34.254919921875,0.1552645,0.1552645
34.26074609375,0.16824639,0.16824639
34.263291015625,0.116107106,0.116107106
34.265818359375,0.44510162,0.44510162
34.27339453125,0.13353348,0.13353348
34.278666015625,0.07911587,0.07911587
34.28126953125,0.072995424,0.072995424
34.286919921875,0.9999999,0.9999999
34.289419921875,-0.03468871,-0.03468871
34.295953125,-0.07057369,-0.07057369
34.298220703125,0.54485977,0.54485977
34.30294921875,0.15088105,0.15088105
34.305841796875,0.092805624,0.092805624
34.30794140625,0.09911287,0.09911287
34.312859375,-0.07537377,-0.07537377
34.318041015625,0.13245285,0.13245285
34.32005859375,-0.018718123,-0.018718123
34.324478515625,-0.03192854,-0.03192854
34.3288125,0.5244057,0.5244057
34.332451171875,0.8212317,0.8212317
34.339384765625,0.26843512,0.26843512
34.342171875,0.07144296,0.07144296
34.345666015625,0.08199811,0.08199811
34.34948046875,0.1467731,0.1467731
34.354240234375,0.09026635,0.09026635
34.359029296875,0.4642775,0.4642775
34.361634765625,0.06542206,0.06542206
34.365521484375,0.22381401,0.22381401
34.37478515625,0.67566514,0.67566514
34.376978515625,0.100403786,0.100403786
34.3805078125,0.17494524,0.17494524
34.38401171875,0.1462611,0.1462611
34.38885546875,0.27351236,0.27351236
34.392181640625,-0.105455995,-0.105455995
34.394970703125,0.0692116,0.0692116
34.399904296875,0.08851695,0.08851695
34.40190625,-0.062294126,-0.062294126
34.4081484375,-0.056542873,-0.056542873
34.411552734375,0.1733352,0.1733352
34.416740234375,0.5049442,0.5049442
34.41885546875,0.17869103,0.17869103
34.42310546875,0.093394995,0.093394995
34.429205078125,0.060397625,0.060397625
34.431658203125,0.0029205084,0.0029205084
34.434125,0.13815618,0.13815618
34.43654296875,0.10067487,0.10067487
34.44355859375,0.2739607,0.2739607
34.445841796875,-0.10835588,-0.10835588
34.4539921875,0.10858476,0.10858476
34.456064453125,0.20165563,0.20165563
34.45890625,-0.134408,-0.134408
34.461462890625,-0.034231424,-0.034231424
34.46623828125,0.13306582,0.13306582
34.471064453125,0.09080529,0.09080529
34.474552734375,0.22302413,0.22302413
34.4792421875,0.14648414,0.14648414
34.48339453125,-0.020984292,-0.020984292
34.486201171875,-0.023516178,-0.023516178
34.491912109375,0.37376332,0.37376332
34.494099609375,0.21067452,0.21067452
34.499822265625,-0.032233,-0.032233
34.5027578125,0.22983754,0.22983754
34.50565625,0.32891786,0.32891786
34.50783984375,-0.034561872,-0.034561872
34.511853515625,-0.029046774,-0.029046774
34.516201171875,-0.01551199,-0.01551199
34.519078125,0.11593819,0.11593819
34.524765625,0.22270799,0.22270799
34.53005078125,0.2059648,0.2059648
34.533958984375,-0.0743345,-0.0743345
34.536232421875,-0.0014054775,-0.0014054775
34.539955078125,0.44463527,0.44463527
34.543568359375,0.003093958,0.003093958
34.546240234375,0.100360155,0.100360155
34.551421875,0.4101646,0.4101646
34.559125,-0.20343149,-0.20343149
34.567009765625,0.19201744,0.19201744
34.570130859375,0.22007346,0.22007346
34.573833984375,-0.0552963,-0.0552963
34.576400390625,0.07308507,0.07308507
34.578958984375,0.0961535,0.0961535
34.583720703125,-0.19629014,-0.19629014
34.5867890625,0.35653234,0.35653234
34.589861328125,0.074404,0.074404
34.59841015625,0.42659712,0.42659712
34.6008828125,0.08522892,0.08522892
34.607857421875,-0.18943858,-0.18943858
34.61355859375,0.33018816,0.33018816
34.616755859375,0.1651107,0.1651107
34.6228203125,0.101523995,0.101523995
34.62769921875,-0.06855762,-0.06855762
34.63131640625,-0.1671766,-0.1671766
34.634068359375,0.35369992,0.35369992
34.63643359375,-0.043635726,-0.043635726
34.640255859375,-0.057059526,-0.057059526
34.645513671875,0.41894376,0.41894376
34.649294921875,-0.06731057,-0.06731057
34.652046875,0.028595567,0.028595567
34.65485546875,-0.099500895,-0.099500895
34.656931640625,0.3647747,0.3647747
34.6595234375,0.40055382,0.40055382
34.66507421875,0.1443615,0.1443615
34.6733984375,0.0716238,0.0716238
34.678076171875,-0.1133728,-0.1133728
34.681177734375,0.3566048,0.3566048
34.683529296875,-0.029205322,-0.029205322
34.686041015625,-0.028388977,-0.028388977
34.69007421875,-0.064205885,-0.064205885
34.69418359375,0.28633392,0.28633392
34.696560546875,0.16066575,0.16066575
34.700072265625,0.20012236,0.20012236
34.70938671875,0.11702001,0.11702001
34.71342578125,-0.06984842,-0.06984842
34.71971875,0.08515334,0.08515334
34.721828125,-0.052874327,-0.052874327
34.724208984375,0.2916987,0.2916987
34.72842578125,0.18128216,0.18128216
34.733291015625,0.0666306,0.0666306
34.737171875,0.3072468,0.3072468
34.74030859375,-0.11941981,-0.11941981
34.74409765625,0.092838526,0.092838526
34.7466875,-0.08560693,-0.08560693
34.7519140625,-0.027649641,-0.027649641
34.756875,0.10272086,0.10272086
34.759798828125,-0.054282308,-0.054282308
34.762056640625,0.13492262,0.13492262
34.770052734375,-0.122654796,-0.122654796
34.774361328125,0.3339522,0.3339522
34.776693359375,-0.04661119,-0.04661119
34.78123828125,0.11719501,0.11719501
34.78369140625,-0.078999996,-0.078999996
34.7866328125,0.05541861,0.05541861
34.78975390625,0.11447799,0.11447799
34.79357421875,-0.10798955,-0.10798955
34.795673828125,0.13977122,0.13977122
34.80291015625,0.08577502,0.08577502
34.805529296875,0.08805883,0.08805883
34.808513671875,-0.106009126,-0.106009126
34.81142578125,-0.10102892,-0.10102892
34.81578125,0.29956067,0.29956067
34.8181484375,0.092660904,0.092660904
34.8226015625,0.13332736,0.13332736
34.826828125,0.08003461,0.08003461
34.82928515625,0.17251277,0.17251277
34.833234375,0.13785541,0.13785541
34.838978515625,-0.06709051,-0.06709051
34.84308984375,0.24360394,0.24360394
34.845224609375,-0.020117998,-0.020117998
34.848125,0.08658445,0.08658445
34.8544921875,-0.027291775,-0.027291775
34.858197265625,0.37804484,0.37804484
34.862205078125,0.17116845,0.17116845
34.864927734375,0.06942093,0.06942093
34.870125,-0.012773991,-0.012773991
34.872154296875,0.08165622,0.08165622
34.87432421875,0.055606842,0.055606842
34.877033203125,0.30995393,0.30995393
34.879158203125,-0.040725946,-0.040725946
34.885748046875,-0.03793025,-0.03793025
34.889888671875,0.055049777,0.055049777
34.8919921875,0.12273681,0.12273681
34.89784765625,0.3608923,0.3608923
34.901431640625,0.11033082,0.11033082
34.90661328125,0.121721506,0.121721506
34.9115234375,0.47059858,0.47059858
34.91526953125,0.063272834,0.063272834
34.92130859375,-0.09291148,-0.09291148
34.923517578125,0.06715119,0.06715119
34.927369140625,-0.03251314,-0.03251314
34.93177734375,0.10712981,0.10712981
34.935888671875,-0.14684188,-0.14684188
34.938158203125,0.24171829,0.24171829
34.94052734375,0.356856,0.356856
34.942814453125,-0.052800894,-0.052800894
34.94554296875,0.53507876,0.53507876
34.94764453125,-0.037477493,-0.037477493
34.950384765625,-0.14569354,-0.14569354
34.95508203125,-0.08282399,-0.08282399
34.961115234375,0.07755923,0.07755923
34.964677734375,-0.044275165,-0.044275165
34.966685546875,0.12208021,0.12208021
34.970548828125,0.2526809,0.2526809
34.97610546875,-0.06462693,-0.06462693
34.979322265625,0.8164606,0.8164606
34.98141015625,-0.022997737,-0.022997737
34.98348046875,-0.031634092,-0.031634092
34.98651171875,-0.043456793,-0.043456793
34.9910546875,-0.04587519,-0.04587519
34.993177734375,0.14092827,0.14092827
34.997013671875,-0.04348421,-0.04348421
35.0015234375,0.09732747,0.09732747
35.003689453125,0.9999999,0.9999999
35.007439453125,-0.10451043,-0.10451043
35.01330859375,0.47231185,0.47231185
35.015384765625,-0.0058727264,-0.0058727264
35.017970703125,-0.05588138,-0.05588138
35.02203125,0.36710584,0.36710584
35.02428515625,-0.031795025,-0.031795025
35.02725,0.19208181,0.19208181
35.03676953125,0.69237673,0.69237673
35.039548828125,-0.07157135,-0.07157135
35.044720703125,0.14739227,0.14739227
35.047861328125,-0.26219058,-0.26219058
35.050482421875,-0.06255162,-0.06255162
35.058556640625,-0.046365142,-0.046365142
35.061234375,-0.065585375,-0.065585375
35.06434375,0.33830726,0.33830726
35.066578125,-0.034603715,-0.034603715
35.069654296875,0.13643551,0.13643551
35.07168359375,-0.6809013,-0.6809013
35.078326171875,-0.042007685,-0.042007685
35.081876953125,-0.28070486,-0.28070486
35.085306640625,-0.04935968,-0.04935968
35.08751171875,-0.050661445,-0.050661445
35.092166015625,0.090299726,0.090299726
35.0943046875,-0.06677222,-0.06677222
35.0981953125,-0.086208105,-0.086208105
35.102640625,0.13456261,0.13456261
35.107208984375,-0.44308197,-0.44308197
35.111365234375,-0.080462575,-0.080462575
35.114326171875,-0.31939256,-0.31939256
35.116349609375,-0.0124640465,-0.0124640465
35.120265625,-0.07619178,-0.07619178
35.12488671875,-0.01081121,-0.01081121
35.128865234375,-0.20749378,-0.20749378
35.1313671875,-0.017050147,-0.017050147
35.1357890625,0.089791775,0.089791775
35.138783203125,-0.061594963,-0.061594963
35.141609375,-0.027458906,-0.027458906
35.14374609375,-1.0,-1.0
35.14705859375,-0.19296181,-0.19296181
35.149193359375,-0.16376376,-0.16376376
35.151529296875,0.4138553,0.4138553
35.1553359375,-0.07637644,-0.07637644
35.15833203125,-0.022989035,-0.022989035
35.16208984375,0.25101614,0.25101614
35.16721484375,-0.02528596,-0.02528596
35.169544921875,-0.24810553,-0.24810553
35.17177734375,-0.057259798,-0.057259798
35.175310546875,-0.10176802,-0.10176802
35.17935546875,0.885669,0.885669
35.18167578125,-0.050320625,-0.050320625
35.18541796875,-0.05478871,-0.05478871
35.19002734375,-0.26431382,-0.26431382
35.194453125,0.3941183,0.3941183
35.196630859375,-0.051651478,-0.051651478
35.199150390625,-0.065598965,-0.065598965
35.201326171875,0.3430649,0.3430649
35.210607421875,-0.18734443,-0.18734443
35.21414453125,-0.8867605,-0.8867605
35.216798828125,-0.023071647,-0.023071647
35.22244140625,0.080860734,0.080860734
35.22701953125,0.07389891,0.07389891
35.231791015625,0.23168111,0.23168111
35.234419921875,-0.16849291,-0.16849291
35.23803515625,0.97622824,0.97622824
35.2408359375,-0.061194897,-0.061194897
35.244103515625,-0.18296087,-0.18296087
35.248369140625,-1.0,-1.0
35.2531015625,0.20797133,0.20797133
35.25833203125,-0.1006366,-0.1006366
35.26212890625,-0.031633496,-0.031633496
35.266625,0.06989622,0.06989622
35.269142578125,0.10201287,0.10201287
35.271279296875,-0.12425101,-0.12425101
35.2740625,0.8823409,0.8823409
35.276431640625,-0.26367497,-0.26367497
35.280990234375,-0.7844173,-0.7844173
35.283197265625,0.13374984,0.13374984
35.28948828125,-0.16698849,-0.16698849
35.298322265625,0.19391167,0.19391167
35.3007421875,0.0713166,0.0713166
35.30895703125,0.434394,0.434394
35.313513671875,0.60496294,0.60496294
35.318783203125,-0.02804935,-0.02804935
35.323166015625,-0.126199,-0.126199
35.3259765625,0.3789779,0.3789779
35.329537109375,0.16753662,0.16753662
35.33453125,0.09842205,0.09842205
35.337337890625,0.12554276,0.12554276
35.339451171875,-0.22055757,-0.22055757
35.341896484375,-0.12723076,-0.12723076
35.34529296875,0.5385437,0.5385437
35.349625,-0.1195519,-0.1195519
35.359013671875,-0.09774256,-0.09774256
35.362978515625,0.122493744,0.122493744
35.36895703125,0.36189353,0.36189353
35.37149609375,0.41391766,0.41391766
35.37746875,0.9999999,0.9999999
35.380107421875,0.12115872,0.12115872
35.382439453125,0.1343329,0.1343329
35.38790234375,0.120583296,0.120583296
35.393306640625,-0.05419135,-0.05419135
35.40012109375,0.11537933,0.11537933
35.403478515625,0.750967,0.750967
35.407998046875,0.55925596,0.55925596
35.411806640625,-0.23940134,-0.23940134
35.413890625,-0.011855602,-0.011855602
35.417111328125,0.116229415,0.116229415
35.41968359375,-0.08935177,-0.08935177
35.424279296875,0.09026921,0.09026921
35.427017578125,-0.12537599,-0.12537599
35.436392578125,-0.75047016,-0.75047016
35.438755859375,0.85085106,0.85085106
35.442291015625,0.11947894,0.11947894
35.44453515625,-0.059149146,-0.059149146
35.44784375,0.11689532,0.11689532
35.454669921875,0.43483663,0.43483663
35.4567421875,-0.0003335476,-0.0003335476
35.460275390625,0.13781309,0.13781309
35.462986328125,-0.7028266,-0.7028266
35.466830078125,-0.13320613,-0.13320613
35.468861328125,0.9999999,0.9999999
35.472220703125,0.12393427,0.12393427
35.4793046875,0.14406824,0.14406824
35.484173828125,0.09555626,0.09555626
35.488224609375,-0.9254906,-0.9254906
35.492623046875,-0.1345017,-0.1345017
35.497857421875,0.47251606,0.47251606
35.501859375,0.71950865,0.71950865
35.507638671875,0.083195806,0.083195806
35.51265234375,-0.9330021,-0.9330021
35.51497265625,0.14221919,0.14221919
35.51953125,-0.13394344,-0.13394344
35.525390625,0.14648104,0.14648104
35.52863671875,-0.18562138,-0.18562138
35.53083203125,0.10816884,0.10816884
35.5331796875,-0.024020076,-0.024020076
35.536578125,-0.97499657,-0.97499657
35.542736328125,0.3932897,0.3932897
35.545494140625,-0.11379039,-0.11379039
35.55119921875,-0.03542149,-0.03542149
35.553525390625,0.08053017,0.08053017
35.56045703125,-0.8661494,-0.8661494
35.565474609375,-0.03547871,-0.03547871
35.56830859375,-0.2562989,-0.2562989
35.57081640625,-0.12600088,-0.12600088
35.58523828125,-0.78538156,-0.78538156
35.588228515625,-0.08005071,-0.08005071
35.593400390625,-0.16983283,-0.16983283
35.5959765625,-0.08042526,-0.08042526
35.60155078125,-0.24937558,-0.24937558
35.604177734375,-0.006293535,-0.006293535
35.60667578125,-0.07075727,-0.07075727
35.610560546875,0.4689802,0.4689802
35.61343359375,0.38148975,0.38148975
35.61778125,0.087899804,0.087899804
35.6205703125,-0.059524655,-0.059524655
35.625150390625,-0.08366418,-0.08366418
35.628828125,0.24324095,0.24324095
35.6348671875,0.33171058,0.33171058
35.6375625,0.6073644,0.6073644
35.641310546875,-0.08443916,-0.08443916
35.64370703125,-0.092794776,-0.092794776
35.651974609375,-0.03074789,-0.03074789
35.661349609375,0.20747638,0.20747638
35.66487890625,-0.20166457,-0.20166457
35.66937109375,0.491812,0.491812
35.675234375,0.39048588,0.39048588
35.6813046875,-0.06898177,-0.06898177
35.690126953125,-0.03272772,-0.03272772
35.692361328125,-0.28483152,-0.28483152
35.700478515625,0.3662883,0.3662883
35.703484375,0.49336696,0.49336696
35.71290625,-0.03371072,-0.03371072
35.71554296875,-0.088035464,-0.088035464
35.71860546875,-0.19447911,-0.19447911
35.731494140625,0.057168245,0.057168245
35.7385546875,0.37820172,0.37820172
35.744677734375,0.2356919,0.2356919
35.748890625,0.04464817,0.04464817
35.758287109375,-0.09386873,-0.09386873
35.76126953125,0.09967804,0.09967804
35.763609375,0.33013058,0.33013058
35.766248046875,0.06747949,0.06747949
35.7701328125,-0.10248113,-0.10248113
35.77310546875,0.4952891,0.4952891
35.77778125,-0.21943867,-0.21943867
35.783349609375,0.06907737,0.06907737
35.785435546875,-0.1418438,-0.1418438
35.791197265625,-0.37365866,-0.37365866
35.79476953125,0.13422751,0.13422751
35.798349609375,-0.09406531,-0.09406531
35.805076171875,-0.1451515,-0.1451515
35.808380859375,0.5108248,0.5108248
35.815732421875,0.37780416,0.37780416
35.8186171875,-0.10687578,-0.10687578
35.827212890625,-0.03365624,-0.03365624
35.830751953125,0.17931652,0.17931652
35.83348828125,0.04983747,0.04983747
35.838984375,-0.088127375,-0.088127375
35.841720703125,0.045050263,0.045050263
35.84404296875,0.30629444,0.30629444
35.848259765625,-0.048118353,-0.048118353
35.853041015625,0.35372424,0.35372424
35.85553125,0.39481938,0.39481938
35.859361328125,-0.08658445,-0.08658445
35.864158203125,0.11756122,0.11756122
35.866751953125,0.07615805,0.07615805
35.869015625,0.04257536,0.04257536
35.875380859375,0.27589548,0.27589548
35.877478515625,-0.4104185,-0.4104185
35.87948046875,0.06849754,0.06849754
35.883419921875,0.0733912,0.0733912
35.8862265625,0.11756039,0.11756039
35.890328125,0.33693707,0.33693707
35.899859375,0.41959608,0.41959608
35.908994140625,0.07222104,0.07222104
35.911798828125,0.12057388,0.12057388
35.914708984375,0.2998706,0.2998706
35.920490234375,0.22749972,0.22749972
35.9268984375,0.28566182,0.28566182
35.9334375,0.06274521,0.06274521
35.93878515625,-0.09375131,-0.09375131
35.944541015625,0.13291109,0.13291109
35.947099609375,0.5968001,0.5968001
35.952974609375,-0.12445378,-0.12445378
35.958318359375,-0.09131348,-0.09131348
35.96231640625,0.23490751,0.23490751
35.966484375,-0.3840177,-0.3840177
35.977599609375,-0.091189146,-0.091189146
35.982025390625,0.088695765,0.088695765
35.9848046875,-0.027172446,-0.027172446
35.990236328125,0.30115926,0.30115926
35.99334375,0.5461937,0.5461937
35.997306640625,0.23624957,0.23624957
36.00193359375,-0.025720596,-0.025720596
36.007466796875,0.11666703,0.11666703
36.010271484375,0.35244703,0.35244703
36.012685546875,0.06419456,0.06419456
36.01512890625,-0.057198882,-0.057198882
36.0185,-0.02498734,-0.02498734
36.034732421875,0.111587405,0.111587405
36.03811328125,0.59742355,0.59742355
36.041482421875,-0.114940286,-0.114940286
36.050169921875,-0.021060467,-0.021060467
36.05426953125,-0.13694489,-0.13694489
36.056451171875,-0.3651489,-0.3651489
36.058833984375,0.0710969,0.0710969
36.065080078125,0.0057029724,0.0057029724
36.068439453125,0.0724144,0.0724144
36.073234375,-0.11162448,-0.11162448
36.078279296875,0.06017089,0.06017089
36.0806953125,-0.14111209,-0.14111209
36.08397265625,0.6958231,0.6958231
36.0881953125,-0.023047566,-0.023047566
36.0928046875,0.09834933,0.09834933
36.09907421875,-0.2492199,-0.2492199
36.10459375,-0.05930543,-0.05930543
36.108759765625,0.084284306,0.084284306
36.11142578125,0.11287928,0.11287928
36.116185546875,0.0031260252,0.0031260252
36.12075390625,0.10903275,0.10903275
36.12740234375,0.5545317,0.5545317
36.129509765625,0.013832927,0.013832927
36.134646484375,-0.14848149,-0.14848149
36.140140625,-0.003907442,-0.003907442
36.14355859375,-0.24861014,-0.24861014
36.1507890625,-0.009686947,-0.009686947
36.161560546875,-0.016424537,-0.016424537
36.164,-0.13286912,-0.13286912
36.171572265625,0.41131485,0.41131485
36.1876015625,0.41394043,0.41394043
36.19248828125,-0.16901147,-0.16901147
36.206798828125,-0.0315305,-0.0315305
36.2118125,0.073765755,0.073765755
36.21510546875,0.3319695,0.3319695
36.218458984375,0.25103688,0.25103688
36.221359375,-0.1967014,-0.1967014
36.2295234375,0.06659627,0.06659627
36.232259765625,0.42988348,0.42988348
36.2368359375,0.054847002,0.054847002
36.239376953125,-0.108753085,-0.108753085
36.24148046875,0.045770288,0.045770288
36.247564453125,0.07820678,0.07820678
36.2514375,-0.20589292,-0.20589292
36.25799609375,-0.20087004,-0.20087004
36.262384765625,0.21284461,0.21284461
36.264990234375,-0.073693275,-0.073693275
36.274142578125,-0.1999954,-0.1999954
36.281771484375,0.22414553,0.22414553
36.28455859375,0.22272372,0.22272372
36.30034375,-0.22160351,-0.22160351
36.305853515625,0.26119733,0.26119733
36.313494140625,0.2250601,0.2250601
36.317078125,0.30545866,0.30545866
36.321447265625,-0.16092205,-0.16092205
36.3263203125,0.23213184,0.23213184
36.339095703125,-0.24120653,-0.24120653
36.3460859375,0.23175013,0.23175013
36.35420703125,0.11081946,0.11081946
36.357927734375,0.22876191,0.22876191
36.3603359375,-0.121699214,-0.121699214
36.36536328125,0.24753785,0.24753785
36.37809375,0.24802375,0.24802375
36.383333984375,0.27491212,0.27491212
36.40068359375,0.2867669,0.2867669
36.40459765625,-0.12369919,-0.12369919
36.409333984375,0.16537488,0.16537488
36.417828125,0.29712653,0.29712653
36.435021484375,0.3010224,0.3010224
36.440701171875,0.21501291,0.21501291
36.448771484375,0.216295,0.216295
36.452384765625,0.31895804,0.31895804
36.46994921875,0.27134383,0.27134383
36.472240234375,-0.16277182,-0.16277182
36.4748046875,0.10799801,0.10799801
36.48775,0.30437183,0.30437183
36.493044921875,0.1984936,0.1984936
36.5004921875,-0.093229055,-0.093229055
36.50318359375,-0.13162065,-0.13162065
36.506267578125,0.2498641,0.2498641
36.52564453125,0.22511673,0.22511673
36.528966796875,0.16213691,0.16213691
36.533337890625,-0.14407194,-0.14407194
36.538533203125,0.16844058,0.16844058
36.546236328125,0.18892491,0.18892491
36.554240234375,0.19189656,0.19189656
36.564546875,0.16961432,0.16961432
36.56819921875,0.18326783,0.18326783
36.57587890625,-0.18702805,-0.18702805
36.5787890625,0.13238287,0.13238287
36.58233984375,0.24595547,0.24595547
36.592078125,0.17501867,0.17501867
36.594314453125,-0.22671533,-0.22671533
36.59901953125,-0.10398579,-0.10398579
36.604083984375,0.1508131,0.1508131
36.616958984375,-0.22376871,-0.22376871
36.625376953125,0.23754764,0.23754764
36.630283203125,-0.16519201,-0.16519201
36.640109375,-0.12734294,-0.12734294
36.6467734375,-0.12334609,-0.12334609
36.656677734375,0.1579572,0.1579572
36.66058984375,-0.13121283,-0.13121283
36.668736328125,0.10441196,0.10441196
36.67956640625,-0.32360768,-0.32360768
36.697015625,0.16686058,0.16686058
36.7107578125,0.22431064,0.22431064
36.7159609375,0.08971667,0.08971667
36.7380625,0.20618403,0.20618403
36.752376953125,0.18168318,0.18168318
36.75708203125,0.04490471,0.04490471
36.7695703125,0.22320557,0.22320557
36.78062109375,-0.27192068,-0.27192068
36.79077734375,0.05902946,0.05902946
36.794873046875,0.15939069,0.15939069
36.8232265625,-0.60556126,-0.60556126
36.828927734375,-0.044071198,-0.044071198
36.835349609375,0.11997712,0.11997712
36.85837890625,-0.055144668,-0.055144668
36.860583984375,0.19393456,0.19393456
36.865515625,0.22086942,0.22086942
36.86751953125,-0.68421936,-0.68421936
36.87328125,-0.071279526,-0.071279526
36.876810546875,0.15861952,0.15861952
36.8939765625,-0.01148212,-0.01148212
36.898767578125,0.31167185,0.31167185
36.9127265625,-0.8450217,-0.8450217
36.91672265625,0.14586723,0.14586723
36.922916015625,-0.0972178,-0.0972178
36.93134375,0.39639032,0.39639032
36.941845703125,-0.16528738,-0.16528738
36.947654296875,0.15326786,0.15326786
36.94978515625,-0.10356259,-0.10356259
36.9581875,-0.87894,-0.87894
36.960294921875,-0.01242888,-0.01242888
36.96450390625,0.15212202,0.15212202
36.96775390625,-0.0015128851,-0.0015128851
36.975810546875,-0.12738168,-0.12738168
36.984759765625,0.14728153,0.14728153
36.99719921875,0.6846844,0.6846844
36.999208984375,-0.1308937,-0.1308937
37.002966796875,-0.92340183,-0.92340183
37.01242578125,-0.13515866,-0.13515866
37.02590234375,0.4435116,0.4435116
37.02948828125,0.47922838,0.47922838
37.0376328125,-0.22182703,-0.22182703
37.04708203125,0.9875889,0.9875889
37.05524609375,-0.24807501,-0.24807501
37.061767578125,0.01934278,0.01934278
37.064376953125,0.00035190582,0.00035190582
37.06748828125,0.19685328,0.19685328
37.076478515625,0.20528746,0.20528746
37.07869140625,-0.13923168,-0.13923168
37.08826953125,0.49479556,0.49479556
37.0903984375,-0.13234997,-0.13234997
37.09405859375,-0.5557616,-0.5557616
37.098359375,-0.24089599,-0.24089599
37.10746875,-0.28820598,-0.28820598
37.11241796875,-0.1514535,-0.1514535
37.11675,0.19384694,0.19384694
37.11973046875,-0.17874146,-0.17874146
37.12580859375,-0.6779232,-0.6779232
37.128703125,0.32285702,0.32285702
37.131447265625,0.07365787,0.07365787
37.134166015625,-0.15859365,-0.15859365
37.1374375,0.0038739443,0.0038739443
37.14013671875,-0.20253038,-0.20253038
37.148513671875,0.2670933,0.2670933
37.155408203125,0.026517868,0.026517868
37.15811328125,-0.6211803,-0.6211803
37.161544921875,-0.15938914,-0.15938914
37.166896484375,-0.250551,-0.250551
37.1722734375,0.1530602,0.1530602
37.178876953125,0.03434944,0.03434944
37.181830078125,-0.25540745,-0.25540745
37.19097265625,0.44755876,0.44755876
37.196447265625,0.20353782,0.20353782
37.199048828125,-0.16885233,-0.16885233
37.20341796875,-0.27424192,-0.27424192
37.211310546875,0.1260351,0.1260351
37.2156171875,-0.18777382,-0.18777382
37.21873046875,0.11504471,0.11504471
37.221140625,-0.25060844,-0.25060844
37.2243359375,0.52718365,0.52718365
37.23296484375,0.5843328,0.5843328
37.235703125,0.19808125,0.19808125
37.239990234375,0.16109395,0.16109395
37.251150390625,0.06592667,0.06592667
37.25807421875,0.79078364,0.79078364
37.26109375,0.12909186,0.12909186
37.26421484375,0.010010958,0.010010958
37.269130859375,-0.1483742,-0.1483742
37.273681640625,0.44389915,0.44389915
37.27801171875,-0.17720532,-0.17720532
37.2823984375,0.15697539,0.15697539
37.287390625,-0.003305912,-0.003305912
37.29116015625,0.4208188,0.4208188
37.30134765625,-0.23763812,-0.23763812
37.30344921875,0.160416,0.160416
37.305615234375,-0.0151126385,-0.0151126385
37.30876171875,-0.15287948,-0.15287948
37.312560546875,0.936605,0.936605
37.316365234375,-0.19436419,-0.19436419
37.323962890625,0.15997577,0.15997577
37.330154296875,0.16499388,0.16499388
37.3415703125,-0.22077751,-0.22077751
37.344302734375,-0.33052897,-0.33052897
37.350994140625,0.88973045,0.88973045
37.35337890625,-0.2921493,-0.2921493
37.356751953125,0.058626533,0.058626533
37.36404296875,-0.26129436,-0.26129436
37.36788671875,0.09410131,0.09410131
37.370564453125,-0.13170326,-0.13170326
37.378703125,-0.23310173,-0.23310173
37.38308984375,-0.27525508,-0.27525508
37.388458984375,0.73815894,0.73815894
37.391982421875,-0.17634499,-0.17634499
37.396755859375,0.034898758,0.034898758
37.4012265625,-0.21976972,-0.21976972
37.404486328125,0.2581339,0.2581339
37.413953125,-0.22094953,-0.22094953
37.4187265625,-0.23224509,-0.23224509
37.42323046875,0.46832192,0.46832192
37.42565625,0.9999999,0.9999999
37.43191015625,-0.09989345,-0.09989345
37.436501953125,0.10318661,0.10318661
37.440583984375,-0.22884369,-0.22884369
37.446787109375,-0.016124487,-0.016124487
37.4502421875,-0.15750301,-0.15750301
37.45400390625,-0.26247275,-0.26247275
37.462015625,0.90948284,0.90948284
37.465009765625,-0.23362994,-0.23362994
37.471033203125,-0.22551405,-0.22551405
37.4761953125,0.829347,0.829347
37.481494140625,-0.13768744,-0.13768744
37.484619140625,0.060854077,0.060854077
37.487734375,-0.24459958,-0.24459958
37.492568359375,-0.123744845,-0.123744845
37.4975078125,0.9999999,0.9999999
37.499759765625,0.559837,0.559837
37.50525,-0.19683158,-0.19683158
37.50913671875,-0.24775636,-0.24775636
37.513896484375,0.18755376,0.18755376
37.51875,0.015725732,0.015725732
37.5221640625,-0.21124661,-0.21124661
37.524318359375,0.14297509,0.14297509
37.535375,0.9999999,0.9999999
37.5389140625,-0.26510608,-0.26510608
37.542046875,0.8103136,0.8103136
37.5459453125,-0.018081546,-0.018081546
37.55145703125,0.7204317,0.7204317
37.5556328125,-0.31503773,-0.31503773
37.55995703125,0.2267493,0.2267493
37.57451953125,0.9299878,0.9299878
37.579572265625,0.027678728,0.027678728
37.584986328125,-0.0067276955,-0.0067276955
37.5871015625,-0.99300015,-0.99300015
37.58962890625,0.6869041,0.6869041
37.593732421875,0.22523713,0.22523713
37.600294921875,-0.22744012,-0.22744012
37.607583984375,-0.22380877,-0.22380877
37.612056640625,0.9999999,0.9999999
37.615083984375,0.05439818,0.05439818
37.61715234375,-0.124308586,-0.124308586
37.6252265625,0.25863576,0.25863576
37.628337890625,-0.99499416,-0.99499416
37.63607421875,-1.0,-1.0
37.63875,-0.118447185,-0.118447185
37.643427734375,0.2721057,0.2721057
37.6475625,-0.24382722,-0.24382722
37.649806640625,0.9999999,0.9999999
37.65458203125,0.12929475,0.12929475
37.66176953125,0.25213814,0.25213814
37.665673828125,-0.5750928,-0.5750928
37.680494140625,0.24561536,0.24561536
37.683328125,0.94997656,0.94997656
37.685591796875,0.83855104,0.83855104
37.690953125,-0.22256553,-0.22256553
37.6943984375,0.02223897,0.02223897
37.69647265625,-0.2187146,-0.2187146
37.699876953125,0.22839141,0.22839141
37.702927734375,-0.9640727,-0.9640727
37.706529296875,-0.006776333,-0.006776333
37.7118984375,0.0054758787,0.0054758787
37.716697265625,0.11492443,0.11492443
37.72098046875,0.9999999,0.9999999
37.729779296875,0.9999999,0.9999999
37.735263671875,-0.22430348,-0.22430348
37.7380234375,0.4414631,0.4414631
37.74262890625,0.025323391,0.025323391
37.747001953125,-0.105186224,-0.105186224
37.7526640625,0.13122153,0.13122153
37.756275390625,0.9537368,0.9537368
37.762052734375,0.24073386,0.24073386
37.769994140625,0.35829127,0.35829127
37.774189453125,0.07213068,0.07213068
37.778025390625,-0.20474505,-0.20474505
37.78185546875,0.9999999,0.9999999
37.792095703125,0.9999999,0.9999999
37.795001953125,0.19185638,0.19185638
37.79788671875,-0.1400559,-0.1400559
37.80149609375,0.46011126,0.46011126
37.807431640625,0.14201045,0.14201045
37.81836328125,-0.2600658,-0.2600658
37.821267578125,0.04167974,0.04167974
37.824421875,-0.17931354,-0.17931354
37.82755078125,0.9999999,0.9999999
37.831015625,-0.7712318,-0.7712318
37.83371875,0.06056738,0.06056738
37.83821875,0.08782327,0.08782327
37.842599609375,0.21551466,0.21551466
37.84513671875,0.045695543,0.045695543
37.858751953125,-0.6318922,-0.6318922
37.862814453125,0.9999999,0.9999999
37.868431640625,0.13587523,0.13587523
37.871412109375,-0.17390692,-0.17390692
37.877087890625,0.10949457,0.10949457
37.885037109375,0.22174323,0.22174323
37.896341796875,-0.1718849,-0.1718849
37.899123046875,0.9999999,0.9999999
37.909244140625,0.63722754,0.63722754
37.91174609375,0.65389,0.65389
37.917017578125,-0.09943974,-0.09943974
37.9210625,-0.08294642,-0.08294642
37.930810546875,0.1670556,0.1670556
37.93410546875,0.8601209,0.8601209
37.93766015625,-0.73642075,-0.73642075
37.940841796875,-0.12182176,-0.12182176
37.94336328125,0.040443182,0.040443182
37.946306640625,-0.083589315,-0.083589315
37.952068359375,0.50680506,0.50680506
37.957333984375,0.110732794,0.110732794
37.9605546875,0.101512074,0.101512074
37.964224609375,-0.8922082,-0.8922082
37.968853515625,0.86956036,0.86956036
37.9711875,-0.10879266,-0.10879266
37.9758203125,0.017411113,0.017411113
37.979419921875,0.09412503,0.09412503
37.985384765625,-0.27170074,-0.27170074
37.991697265625,0.79988956,0.79988956
37.993916015625,0.27594793,0.27594793
37.999681640625,0.07891405,0.07891405
38.004375,0.95421326,0.95421326
38.011513671875,0.17890859,0.17890859
38.019845703125,0.83706236,0.83706236
38.02434765625,0.44949806,0.44949806
38.02875,-0.1276598,-0.1276598
38.03210546875,0.21681869,0.21681869
38.03429296875,0.26051974,0.26051974
38.038947265625,0.9356499,0.9356499
38.043005859375,-0.14311731,-0.14311731
38.049359375,0.29471052,0.29471052
38.053021484375,0.1490618,0.1490618
38.06276953125,-0.13990045,-0.13990045
38.0657578125,-0.24358845,-0.24358845
38.06926953125,0.33415544,0.33415544
38.07358984375,0.868906,0.868906
38.07916015625,0.9849038,0.9849038
38.089423828125,0.080358386,0.080358386
38.0917734375,0.20258892,0.20258892
38.093853515625,-0.15824902,-0.15824902
38.10558203125,0.800827,0.800827
38.1083125,0.88858616,0.88858616
38.11070703125,0.04468763,0.04468763
38.11517578125,-0.11790228,-0.11790228
38.1179140625,-0.1733985,-0.1733985
38.131875,-0.111031294,-0.111031294
38.138369140625,-0.11461806,-0.11461806
38.140814453125,0.57052994,0.57052994
38.143529296875,0.99031806,0.99031806
38.145544921875,0.23836017,0.23836017
38.152474609375,-0.10435438,-0.10435438
38.16383203125,0.13637221,0.13637221
38.1688203125,0.12406242,0.12406242
38.172021484375,0.23595619,0.23595619
38.174275390625,0.3813188,0.3813188
38.17946484375,0.6844586,0.6844586
38.182705078125,-0.15738642,-0.15738642
38.185419921875,0.5384382,0.5384382
38.187517578125,0.14648187,0.14648187
38.191384765625,0.045592666,0.045592666
38.19505859375,-0.045428753,-0.045428753
38.198630859375,0.24020135,0.24020135
38.203103515625,0.31050658,0.31050658
38.21018359375,0.08083463,0.08083463
38.21548828125,0.9999999,0.9999999
38.2221015625,0.17249858,0.17249858
38.225580078125,0.120401025,0.120401025
38.2281953125,0.93442357,0.93442357
38.23235546875,0.254027,0.254027
38.234529296875,-0.095015645,-0.095015645
38.238408203125,0.15197825,0.15197825
38.243966796875,0.36115468,0.36115468
38.247369140625,-0.124160886,-0.124160886
38.2517421875,0.78423774,0.78423774
38.258767578125,0.18634367,0.18634367
38.2609765625,-0.21312773,-0.21312773
38.265654296875,-0.035479784,-0.035479784
38.2727578125,0.764312,0.764312
38.274763671875,-0.094736814,-0.094736814
38.277025390625,0.118308306,0.118308306
38.283890625,0.12529504,0.12529504
38.287353515625,0.6474607,0.6474607
38.29183984375,0.06693745,0.06693745
38.29708984375,0.17935514,0.17935514
38.3009375,-0.019489408,-0.019489408
38.30515234375,0.4089483,0.4089483
38.3118828125,0.13568187,0.13568187
38.3155390625,0.20068932,0.20068932
38.317712890625,0.9457457,0.9457457
38.31984765625,0.24539459,0.24539459
38.322154296875,0.12413943,0.12413943
38.327603515625,-0.1121819,-0.1121819
38.333640625,0.045254946,0.045254946
38.33570703125,0.20291543,0.20291543
38.339560546875,0.11276281,0.11276281
38.342302734375,0.14427364,0.14427364
38.347158203125,0.07590783,0.07590783
38.352009765625,0.17875683,0.17875683
38.35679296875,0.3038453,0.3038453
38.360310546875,0.05524528,0.05524528
38.362814453125,0.8703306,0.8703306
38.365263671875,0.49254382,0.49254382
38.369107421875,-0.095279574,-0.095279574
38.3732421875,0.047825575,0.047825575
38.37551953125,-0.18414259,-0.18414259
38.385052734375,0.15580106,0.15580106
38.389314453125,0.1471585,0.1471585
38.3915703125,0.2998656,0.2998656
38.3961953125,0.18804121,0.18804121
38.40080078125,0.09197843,0.09197843
38.404611328125,0.96173835,0.96173835
38.41285546875,0.091168165,0.091168165
38.415255859375,0.13841498,0.13841498
38.417609375,0.22329605,0.22329605
38.42415625,0.27166164,0.27166164
38.42635546875,0.08101833,0.08101833
38.43881640625,0.1338464,0.1338464
38.443705078125,0.87014735,0.87014735
38.45103515625,0.16556513,0.16556513
38.45516015625,0.1823349,0.1823349
38.4577109375,0.1730783,0.1730783
38.461453125,0.271842,0.271842
38.463552734375,-0.24998713,-0.24998713
38.468888671875,0.069095254,0.069095254
38.478865234375,0.07467711,0.07467711
38.481412109375,-0.20347202,-0.20347202
38.484462890625,0.26699722,0.26699722
38.4870703125,0.11883545,0.11883545
38.4910390625,0.19415009,0.19415009
38.494681640625,-0.22361076,-0.22361076
38.497779296875,0.18044019,0.18044019
38.501697265625,0.24125028,0.24125028
38.505806640625,0.18435347,0.18435347
38.510697265625,0.13046622,0.13046622
38.517287109375,-0.16537476,-0.16537476
38.51937109375,-0.09771156,-0.09771156
38.525197265625,-0.17269683,-0.17269683
38.53009765625,0.31798828,0.31798828
38.534361328125,0.17228568,0.17228568
38.54266015625,0.19939172,0.19939172
38.547017578125,-0.18045533,-0.18045533
38.55076171875,-0.23557281,-0.23557281
38.552958984375,0.06221354,0.06221354
38.555453125,-0.45539677,-0.45539677
38.557849609375,0.19721079,0.19721079
38.5624921875,-0.22127628,-0.22127628
38.565490234375,-0.0646739,-0.0646739
38.569998046875,0.14197826,0.14197826
38.57607421875,0.42217898,0.42217898
38.579740234375,0.9789314,0.9789314
38.581841796875,-0.055544615,-0.055544615
38.585197265625,0.14608991,0.14608991
38.588029296875,0.27152705,0.27152705
38.595087890625,-0.052236557,-0.052236557
38.597783203125,0.084918976,0.084918976
38.60462109375,-0.7940872,-0.7940872
38.60762109375,0.39125848,0.39125848
38.617880859375,0.34895647,0.34895647
38.62615625,0.21846986,0.21846986
38.629408203125,0.8037009,0.8037009
38.6314765625,-0.043667674,-0.043667674
38.63426171875,-0.087857604,-0.087857604
38.6406484375,0.1512996,0.1512996
38.644611328125,-0.24262822,-0.24262822
38.646625,0.43022525,0.43022525
38.6518984375,0.21302676,0.21302676
38.65490625,-0.54583,-0.54583
38.666681640625,0.21852875,0.21852875
38.6707890625,0.7664943,0.7664943
38.6753125,0.41992986,0.41992986
38.68022265625,-1.0,-1.0
38.684677734375,-0.19674206,-0.19674206
38.68788671875,0.5583732,0.5583732
38.69057421875,0.06413674,0.06413674
38.700353515625,0.40530908,0.40530908
38.704771484375,0.8917675,0.8917675
38.70967578125,0.05184686,0.05184686
38.714142578125,0.2130543,0.2130543
38.717390625,0.24602056,0.24602056
38.7261640625,0.17121601,0.17121601
38.729162109375,0.17012382,0.17012382
38.731798828125,0.03960657,0.03960657
38.7338203125,0.43083537,0.43083537
38.74371484375,0.18778574,0.18778574
38.74828515625,0.7706474,0.7706474
38.750865234375,-0.09074068,-0.09074068
38.753685546875,-0.15438998,-0.15438998
38.7562734375,-0.3237623,-0.3237623
38.76830859375,0.03979051,0.03979051
38.7742734375,-0.14813972,-0.14813972
38.7779140625,0.23195183,0.23195183
38.78175,0.25831842,0.25831842
38.78664453125,0.21165442,0.21165442
38.797556640625,0.31774592,0.31774592
38.802041015625,0.9999999,0.9999999
38.80476171875,-0.32055748,-0.32055748
38.807134765625,0.032114625,0.032114625
38.81310546875,0.17380941,0.17380941
38.82026171875,0.21927714,0.21927714
38.822375,0.19530225,0.19530225
38.82508984375,-0.3065219,-0.3065219
38.829689453125,-0.19263089,-0.19263089
38.841482421875,-0.19493234,-0.19493234
38.843544921875,0.19883454,0.19883454
38.848703125,-0.30197012,-0.30197012
38.851419921875,0.9999999,0.9999999
38.856173828125,-0.16232324,-0.16232324
38.858220703125,0.20368207,0.20368207
38.860591796875,0.23373938,0.23373938
38.864119140625,0.33214426,0.33214426
38.867162109375,0.010793567,0.010793567
38.871921875,-0.3057506,-0.3057506
38.8740234375,0.24361348,0.24361348
38.8816328125,0.17741728,0.17741728
38.88723828125,0.42368817,0.42368817
38.891806640625,0.148301,0.148301
38.89584765625,0.17946208,0.17946208
38.899255859375,0.9292239,0.9292239
38.9048359375,0.24946809,0.24946809
38.907263671875,0.2547648,0.2547648
38.91283984375,-0.37884092,-0.37884092
38.91826953125,0.4321581,0.4321581
38.920279296875,0.07713556,0.07713556
38.92696875,0.18616927,0.18616927
38.93005078125,0.0010480881,0.0010480881
38.932388671875,0.18552685,0.18552685
38.935337890625,0.1541003,0.1541003
38.937828125,-0.08652437,-0.08652437
38.943482421875,0.9860797,0.9860797
38.945890625,0.9999999,0.9999999
38.95262109375,0.008140922,0.008140922
38.958921875,0.19473875,0.19473875
38.9616171875,-0.18451333,-0.18451333
38.965787109375,0.26486504,0.26486504
38.971384765625,0.39115155,0.39115155
38.976138671875,0.27556062,0.27556062
38.98009375,0.58123624,0.58123624
38.98266015625,0.029992461,0.029992461
38.9910078125,0.9442946,0.9442946
38.99617578125,-0.18350041,-0.18350041
38.999138671875,-0.27670598,-0.27670598
39.00356640625,-0.23551571,-0.23551571
39.005896484375,0.07284832,0.07284832
39.017513671875,-1.0,-1.0
39.0248671875,0.30406797,0.30406797
39.02809765625,0.8779465,0.8779465
39.0312578125,0.16954601,0.16954601
39.036978515625,0.81425333,0.81425333
39.053990234375,0.9999999,0.9999999
39.058177734375,0.6166464,0.6166464
39.0603359375,0.32819772,0.32819772
39.0646328125,0.119145274,0.119145274
39.075474609375,0.33998716,0.33998716
39.077505859375,-0.25137722,-0.25137722
39.085134765625,0.72610176,0.72610176
39.090810546875,-1.0,-1.0
39.092849609375,-0.08051765,-0.08051765
39.09780859375,0.24549448,0.24549448
39.100203125,0.11057961,0.11057961
39.104828125,0.24516416,0.24516416
39.11712109375,0.14038849,0.14038849
39.120599609375,0.9999999,0.9999999
39.123421875,-0.0629822,-0.0629822
39.130505859375,-0.9369551,-0.9369551
39.133984375,0.945156,0.945156
39.13830859375,0.23370779,0.23370779
39.15126953125,0.9999999,0.9999999
39.154056640625,0.17181766,0.17181766
39.169509765625,-0.13959622,-0.13959622
39.17311328125,0.37294054,0.37294054
39.175267578125,0.06285441,0.06285441
39.1783125,0.28414643,0.28414643
39.180701171875,0.9999999,0.9999999
39.183958984375,0.7703941,0.7703941
39.18609765625,0.23530912,0.23530912
39.196673828125,0.36577833,0.36577833
39.2037421875,-0.166749,-0.166749
39.20955078125,0.17222631,0.17222631
39.217130859375,0.16254342,0.16254342
39.220224609375,0.31533825,0.31533825
39.22811328125,-0.09641135,-0.09641135
39.232109375,0.7222011,0.7222011
39.235548828125,0.7387179,0.7387179
39.2376015625,-0.21197951,-0.21197951
39.2398203125,0.9999999,0.9999999
39.24806640625,0.17673719,0.17673719
39.26215625,0.14675736,0.14675736
39.270015625,-0.5252069,-0.5252069
39.2787578125,0.16373336,0.16373336
39.281232421875,0.70922744,0.70922744
39.2864765625,0.5775602,0.5775602
39.299587890625,-0.4403453,-0.4403453
39.303412109375,-0.2520579,-0.2520579
39.30548828125,0.2631247,0.2631247
39.30927734375,0.20615292,0.20615292
39.330326171875,0.48867297,0.48867297
39.335080078125,-0.19110239,-0.19110239
39.3406015625,0.35059726,0.35059726
39.346322265625,0.31457615,0.31457615
39.35783984375,-0.43862116,-0.43862116
39.361580078125,-0.27413177,-0.27413177
39.365779296875,-0.08782601,-0.08782601
39.36877734375,0.20175064,0.20175064
39.37817578125,0.522753,0.522753
39.388505859375,0.37118828,0.37118828
39.39159765625,0.38794124,0.38794124
39.39787109375,0.12372589,0.12372589
39.405193359375,0.029558778,0.029558778
39.427240234375,0.16551661,0.16551661
39.4293359375,0.25969005,0.25969005
39.433658203125,-0.11187744,-0.11187744
39.43684375,0.4017607,0.4017607
39.443685546875,0.593186,0.593186
39.448607421875,-0.12590969,-0.12590969
39.456390625,0.2200011,0.2200011
39.458478515625,0.08750975,0.08750975
39.470943359375,0.24591577,0.24591577
39.48508984375,0.18938017,0.18938017
39.48908984375,0.0729543,0.0729543
39.49662890625,0.51824915,0.51824915
39.51371875,0.16750598,0.16750598
39.519001953125,0.1599698,0.1599698
39.535626953125,-0.25527537,-0.25527537
39.54210546875,0.20641935,0.20641935
39.5493671875,0.76468503,0.76468503
39.55337109375,0.17417085,0.17417085
39.56308203125,0.07817447,0.07817447
39.570291015625,0.15522671,0.15522671
39.5788671875,0.14766991,0.14766991
39.5955859375,0.12373257,0.12373257
39.598576171875,0.19502115,0.19502115
39.601935546875,0.44524634,0.44524634
39.608169921875,0.26303327,0.26303327
39.626466796875,0.15303802,0.15303802
39.638240234375,0.26709294,0.26709294
39.653130859375,0.5120957,0.5120957
39.656814453125,0.07378268,0.07378268
39.669392578125,0.16482818,0.16482818
39.681712890625,0.22377563,0.22377563
39.698412109375,0.08634329,0.08634329
39.70110546875,0.1252724,0.1252724
39.705306640625,0.5331706,0.5331706
39.70969140625,0.21247613,0.21247613
39.7126484375,-0.23735678,-0.23735678
39.719916015625,-0.15365839,-0.15365839
39.733033203125,0.07666993,0.07666993
39.73726171875,0.1954521,0.1954521
39.741107421875,0.057048798,0.057048798
39.757076171875,0.6280024,0.6280024
39.759669921875,-0.06132531,-0.06132531
39.766921875,0.21361065,0.21361065
39.783037109375,-0.06621683,-0.06621683
39.799513671875,0.2194202,0.2194202
39.802626953125,0.21766746,0.21766746
39.809478515625,0.30653143,0.30653143
39.823080078125,-0.07084584,-0.07084584
39.837720703125,-0.13347757,-0.13347757
39.841103515625,0.16638017,0.16638017
39.861259765625,-0.17006147,-0.17006147
39.865541015625,-0.030769944,-0.030769944
39.876080078125,0.1587466,0.1587466
39.890623046875,0.15084851,0.15084851
39.908072265625,-0.008527398,-0.008527398
39.913578125,0.34884286,0.34884286
39.950974609375,0.12925196,0.12925196
39.964744140625,-0.067418575,-0.067418575
39.97494140625,-0.04658687,-0.04658687
39.97962890625,0.1508162,0.1508162
39.9887109375,0.13813543,0.13813543
39.99175390625,0.058948874,0.058948874
40.004126953125,0.14679289,0.14679289
40.01530078125,-0.20709264,-0.20709264
40.026162109375,-0.06327164,-0.06327164
40.03187890625,0.052230358,0.052230358
40.03879296875,0.17981136,0.17981136
40.0669921875,0.3695066,0.3695066
40.06967578125,-0.16041362,-0.16041362
40.07227734375,0.093254924,0.093254924
40.075189453125,0.16688645,0.16688645
40.10543359375,-0.059095502,-0.059095502
40.108849609375,0.20200562,0.20200562
40.11323046875,-0.062234044,-0.062234044
40.12050390625,0.5883888,0.5883888
40.14473828125,0.14632094,0.14632094
40.152724609375,0.07863331,0.07863331
40.1577578125,0.16522396,0.16522396
40.177505859375,0.4918604,0.4918604
40.18590234375,-0.10099244,-0.10099244
40.195392578125,-0.078246,-0.078246
40.210517578125,0.20225966,0.20225966
40.226490234375,-0.09401226,-0.09401226
40.23527734375,0.42010748,0.42010748
40.241681640625,0.2620324,0.2620324
40.246755859375,-0.17895544,-0.17895544
40.2656328125,-0.098404646,-0.098404646
40.27486328125,0.26915574,0.26915574
40.284865234375,0.0788393,0.0788393
40.29184765625,0.37178802,0.37178802
40.305236328125,-0.10380459,-0.10380459
40.30807421875,0.27535415,0.27535415
40.333751953125,0.18368053,0.18368053
40.340873046875,0.26739,0.26739
40.3438515625,-0.019160032,-0.019160032
40.34957421875,0.39294076,0.39294076
40.37511328125,0.20282745,0.20282745
40.384759765625,-0.0765363,-0.0765363
40.3900390625,0.35487187,0.35487187
40.4024453125,0.51270866,0.51270866
40.408173828125,0.21792603,0.21792603
40.422669921875,0.08794522,0.08794522
40.424833984375,-0.084327936,-0.084327936
40.432908203125,0.5105951,0.5105951
40.441765625,0.21572793,0.21572793
40.4536328125,0.38633704,0.38633704
40.465400390625,0.20622051,0.20622051
40.469677734375,0.06625724,0.06625724
40.4731484375,0.45757258,0.45757258
40.503087890625,0.51948833,0.51948833
40.505654296875,0.18940866,0.18940866
40.511498046875,0.7962098,0.7962098
40.53394140625,0.052705526,0.052705526
40.538115234375,0.19344258,0.19344258
40.547083984375,0.6284038,0.6284038
40.5512265625,0.41042256,0.41042256
40.5690859375,0.19183862,0.19183862
40.58125,0.69678175,0.69678175
40.58705078125,0.1372695,0.1372695
40.59561328125,0.19477463,0.19477463
40.5999140625,0.19263482,0.19263482
40.614763671875,0.654776,0.654776
40.627369140625,0.16970146,0.16970146
40.62937890625,0.06770027,0.06770027
40.640359375,0.18932128,0.18932128
40.647765625,0.7223854,0.7223854
40.65396484375,0.08750415,0.08750415
40.659685546875,0.19493818,0.19493818
40.667076171875,0.16698301,0.16698301
40.68240625,0.6562253,0.6562253
40.68484375,0.118721366,0.118721366
40.687681640625,0.12296665,0.12296665
40.6896875,0.17808402,0.17808402
40.707107421875,0.12861216,0.12861216
40.7109765625,0.05808258,0.05808258
40.71912109375,0.90011895,0.90011895
40.7285078125,-0.24941528,-0.24941528
40.747529296875,0.15532053,0.15532053
40.75697265625,0.81846416,0.81846416
40.764884765625,-0.04106593,-0.04106593
40.774041015625,-0.24177885,-0.24177885
40.777640625,0.102622986,0.102622986
40.7893203125,0.15086627,0.15086627
40.796138671875,0.71620226,0.71620226
40.804517578125,0.104225755,0.104225755
40.821248046875,-0.41521263,-0.41521263
40.83111328125,0.16889155,0.16889155
40.83422265625,0.08174348,0.08174348
40.83746484375,-0.45917332,-0.45917332
40.864720703125,-0.05621457,-0.05621457
40.8688671875,-0.4798504,-0.4798504
40.87454296875,0.18790054,0.18790054
40.880771484375,-0.34338534,-0.34338534
40.89628125,0.07357955,0.07357955
40.917455078125,0.40754843,0.40754843
40.919587890625,-0.025862932,-0.025862932
40.925703125,0.2966057,0.2966057
40.92837109375,0.06613588,0.06613588
40.952607421875,0.124183536,0.124183536
40.96398828125,0.5103171,0.5103171
40.973716796875,-0.2250557,-0.2250557
41.003,0.0694294,0.0694294
41.008880859375,-0.047249913,-0.047249913
41.011015625,0.52813303,0.52813303
41.02276953125,-0.12597275,-0.12597275
41.039646484375,-0.04499817,-0.04499817
41.05633203125,0.54478145,0.54478145
41.05834765625,0.08653402,0.08653402
41.069888671875,0.23328173,0.23328173
41.092375,0.065925,0.065925
41.09930078125,0.3853463,0.3853463
41.102384765625,0.2521522,0.2521522
41.10474609375,-0.047988534,-0.047988534
41.1195859375,0.116740584,0.116740584
41.130638671875,-0.085020065,-0.085020065
41.140798828125,0.49768662,0.49768662
41.14718359375,0.27386987,0.27386987
41.16091015625,0.07213533,0.07213533
41.164091796875,-0.10785341,-0.10785341
41.169130859375,0.07600427,0.07600427
41.186779296875,-0.44854033,-0.44854033
41.188939453125,-0.025599599,-0.025599599
41.194083984375,0.14168859,0.14168859
41.196857421875,0.3254298,0.3254298
41.20587890625,0.26294863,0.26294863
41.21774609375,0.090266824,0.090266824
41.223962890625,0.18338954,0.18338954
41.2264609375,-0.05155003,-0.05155003
41.23366015625,0.06777036,0.06777036
41.244623046875,0.6988032,0.6988032
41.24871484375,0.17513835,0.17513835
41.2529921875,0.1300571,0.1300571
41.258833984375,0.19284058,0.19284058
41.262466796875,0.12289584,0.12289584
41.2800625,0.11791694,0.11791694
41.289111328125,0.8115803,0.8115803
41.291123046875,0.053806663,0.053806663
41.29371484375,0.23521614,0.23521614
41.298015625,0.11724377,0.11724377
41.308603515625,-0.112696886,-0.112696886
41.327470703125,0.18266833,0.18266833
41.330552734375,0.9999999,0.9999999
41.33405078125,0.12423158,0.12423158
41.36010546875,0.2236774,0.2236774
41.3687265625,0.08574796,0.08574796
41.373560546875,0.7377224,0.7377224
41.385787109375,0.06401062,0.06401062
41.391546875,0.12840676,0.12840676
41.39860546875,-0.08592141,-0.08592141
41.40450390625,0.12631261,0.12631261
41.412904296875,0.48902,0.48902
41.415103515625,0.9999999,0.9999999
41.4174296875,0.27771473,0.27771473
41.425720703125,0.2986108,0.2986108
41.43796484375,-0.07593453,-0.07593453
41.44187109375,0.112614155,0.112614155
41.452484375,0.3728702,0.3728702
41.456001953125,0.5180409,0.5180409
41.460037109375,0.29798234,0.29798234
41.46405078125,-0.050601125,-0.050601125
41.47466796875,0.22272682,0.22272682
41.479564453125,0.13533783,0.13533783
41.487859375,0.3045354,0.3045354
41.491236328125,0.11971545,0.11971545
41.495119140625,0.32036078,0.32036078
41.498796875,0.32076287,0.32076287
41.519083984375,0.19037056,0.19037056
41.52185546875,0.21467853,0.21467853
41.52425,0.2334646,0.2334646
41.528060546875,0.37160563,0.37160563
41.54007421875,-0.25579906,-0.25579906
41.5487578125,0.28472567,0.28472567
41.559541015625,0.33391452,0.33391452
41.564310546875,0.0937556,0.0937556
41.579345703125,-0.10457873,-0.10457873
41.5814765625,0.41191936,0.41191936
41.588185546875,0.24400938,0.24400938
41.59249609375,0.19384742,0.19384742
41.606345703125,0.24668837,0.24668837
41.61121484375,0.30157995,0.30157995
41.617458984375,0.26290274,0.26290274
41.621470703125,-0.17445254,-0.17445254
41.623482421875,-0.03666687,-0.03666687
41.626109375,0.22485185,0.22485185
41.6367265625,0.7605183,0.7605183
41.643408203125,0.18075919,0.18075919
41.6456796875,0.31946242,0.31946242
41.648796875,0.24172533,0.24172533
41.659470703125,0.5694401,0.5694401
41.66225390625,-0.032875538,-0.032875538
41.6665859375,-0.16755879,-0.16755879
41.673734375,0.2194016,0.2194016
41.68946484375,0.9999999,0.9999999
41.694384765625,0.69230473,0.69230473
41.69819140625,0.27284825,0.27284825
41.7021796875,0.3403237,0.3403237
41.713216796875,0.07847798,0.07847798
41.729248046875,0.8732276,0.8732276
41.73255078125,0.4097265,0.4097265
41.736044921875,-0.45017278,-0.45017278
41.738095703125,-0.051811337,-0.051811337
41.74256640625,0.9510994,0.9510994
41.749736328125,0.09403825,0.09403825
41.752482421875,-0.055142403,-0.055142403
41.754630859375,-0.13200057,-0.13200057
41.761048828125,-0.09158528,-0.09158528
41.764482421875,0.7270305,0.7270305
41.773443359375,0.26016486,0.26016486
41.775517578125,0.062400103,0.062400103
41.778212890625,0.1674546,0.1674546
41.78066796875,-0.06201029,-0.06201029
41.794720703125,0.29306185,0.29306185
41.798033203125,0.9999999,0.9999999
41.800087890625,0.46159506,0.46159506
41.802478515625,0.19719028,0.19719028
41.809697265625,0.21687734,0.21687734
41.81919921875,0.15026939,0.15026939
41.8255390625,0.27342606,0.27342606
41.833904296875,-0.076747656,-0.076747656
41.839478515625,0.15743303,0.15743303
41.841650390625,-0.50326014,-0.50326014
41.844673828125,0.31993878,0.31993878
41.848546875,0.28507936,0.28507936
41.8529609375,0.9999999,0.9999999
41.856259765625,0.25008392,0.25008392
41.860921875,0.12635303,0.12635303
41.867642578125,-0.0919379,-0.0919379
41.8716171875,0.38592482,0.38592482
41.88069921875,0.2596866,0.2596866
41.8842734375,0.69090915,0.69090915
41.8869609375,0.15940428,0.15940428
41.89428125,0.452451,0.452451
41.89662109375,-0.122654796,-0.122654796
41.898984375,0.16192162,0.16192162
41.901830078125,-0.27648318,-0.27648318
41.911734375,0.9845209,0.9845209
41.917017578125,0.34483242,0.34483242
41.920193359375,0.8481411,0.8481411
41.923482421875,0.18878913,0.18878913
41.9280390625,0.28572905,0.28572905
41.93165234375,0.285501,0.285501
41.93480859375,-0.4002645,-0.4002645
41.940357421875,0.24679613,0.24679613
41.946505859375,0.19452786,0.19452786
41.951515625,-0.09948933,-0.09948933
41.9548046875,0.9999999,0.9999999
41.9633359375,0.194659,0.194659
41.967783203125,0.9999999,0.9999999
41.975560546875,0.118089914,0.118089914
41.9782734375,-0.061163068,-0.061163068
41.982982421875,0.22397375,0.22397375
41.9857109375,-0.11733651,-0.11733651
41.988298828125,0.9212451,0.9212451
41.9939296875,0.61966455,0.61966455
41.9986953125,-0.36835337,-0.36835337
42.004302734375,0.18411171,0.18411171
42.00665625,0.22637868,0.22637868
42.00888671875,-0.1264019,-0.1264019
42.01320703125,0.20794463,0.20794463
42.019265625,0.14645052,0.14645052
42.02178515625,-0.68140113,-0.68140113
42.023994140625,0.83981156,0.83981156
42.030486328125,-0.42153347,-0.42153347
42.032509765625,0.13495004,0.13495004
42.043857421875,0.20155847,0.20155847
42.0489375,0.8678603,0.8678603
42.0549140625,0.52114964,0.52114964
42.060779296875,-0.38341463,-0.38341463
42.07784375,0.9473313,0.9473313
42.08116796875,0.19639194,0.19639194
42.0860703125,0.32603145,0.32603145
42.088923828125,-0.074405074,-0.074405074
42.0913046875,-0.2857468,-0.2857468
42.099,0.101710916,0.101710916
42.103521484375,0.074320436,0.074320436
42.10791015625,0.9097259,0.9097259
42.11158203125,0.30688345,0.30688345
42.11573828125,0.31764936,0.31764936
42.122037109375,-0.28549564,-0.28549564
42.1270234375,0.9999999,0.9999999
42.142845703125,0.18442333,0.18442333
42.14744140625,0.34043598,0.34043598
42.152515625,0.4739926,0.4739926
42.161412109375,0.34870481,0.34870481
42.165125,0.16023147,0.16023147
42.170865234375,0.40610373,0.40610373
42.17455078125,-0.09799683,-0.09799683
42.177283203125,0.632437,0.632437
42.18556640625,0.33384657,0.33384657
42.1881640625,-0.07940912,-0.07940912
42.196904296875,0.2305193,0.2305193
42.198908203125,-0.1145587,-0.1145587
42.20298046875,0.14802897,0.14802897
42.206162109375,-0.10631108,-0.10631108
42.210625,0.1303879,0.1303879
42.21523828125,-0.2789719,-0.2789719
42.220921875,0.11008918,0.11008918
42.2233671875,0.6799408,0.6799408
42.22816015625,0.5507978,0.5507978
42.231693359375,0.42576146,0.42576146
42.235123046875,0.35645962,0.35645962
42.24622265625,-0.12894511,-0.12894511
42.255720703125,0.21371019,0.21371019
42.25931640625,0.8997836,0.8997836
42.261884765625,-0.09005368,-0.09005368
42.26506640625,0.29406214,0.29406214
42.27034375,0.32316828,0.32316828
42.2766796875,0.5915059,0.5915059
42.28366796875,0.17830122,0.17830122
42.28662890625,-0.3889879,-0.3889879
42.28916796875,0.2407186,0.2407186
42.29314453125,0.103989124,0.103989124
42.29539453125,0.9999999,0.9999999
42.297451171875,0.5018636,0.5018636
42.29953125,0.15279162,0.15279162
42.306005859375,-0.05257082,-0.05257082
42.31409765625,0.40249825,0.40249825
42.3174609375,0.25394523,0.25394523
42.32059765625,0.12895322,0.12895322
42.322681640625,0.17335951,0.17335951
42.3266015625,0.8426361,0.8426361
42.329228515625,0.71997595,0.71997595
42.33279296875,0.3225,0.3225
42.33481640625,0.092873335,0.092873335
42.339115234375,0.7009163,0.7009163
42.345609375,0.17573702,0.17573702
42.3484296875,0.13344347,0.13344347
42.356236328125,0.16882145,0.16882145
42.361244140625,0.5163586,0.5163586
42.363443359375,-0.14167917,-0.14167917
42.365814453125,0.12615204,0.12615204
42.37006640625,0.44389522,0.44389522
42.373271484375,-0.3833803,-0.3833803
42.3768515625,0.10660374,0.10660374
42.387767578125,0.5434152,0.5434152
42.3918984375,0.9238037,0.9238037
42.3945,0.068277836,0.068277836
42.396802734375,0.15771961,0.15771961
42.4003125,0.19853401,0.19853401
42.403642578125,0.36238456,0.36238456
42.417791015625,0.4674518,0.4674518
42.42197265625,0.8825121,0.8825121
42.42496875,0.08193982,0.08193982
42.429556640625,-0.42034256,-0.42034256
42.432669921875,0.33136117,0.33136117
42.43728125,0.070777416,0.070777416
42.443556640625,-0.091860175,-0.091860175
42.4508984375,0.9212493,0.9212493
42.4538359375,-0.07112062,-0.07112062
42.458546875,0.15319347,0.15319347
42.463646484375,-0.2785778,-0.2785778
42.4686484375,0.3553716,0.3553716
42.471619140625,0.19603193,0.19603193
42.47944140625,-0.63685906,-0.63685906
42.48326953125,0.25771904,0.25771904
42.485318359375,0.12580311,0.12580311
42.489099609375,-0.096212745,-0.096212745
42.492,0.20167041,0.20167041
42.504671875,-0.34996474,-0.34996474
42.50853125,-1.0,-1.0
42.51073046875,0.2022425,0.2022425
42.520125,0.39897978,0.39897978
42.525111328125,0.19108617,0.19108617
42.52838671875,0.2859764,0.2859764
42.532208984375,0.18973553,0.18973553
42.5378828125,0.6979027,0.6979027
42.54090234375,-0.26764023,-0.26764023
42.545724609375,0.2708509,0.2708509
42.552609375,-0.07284856,-0.07284856
42.5559921875,0.16596317,0.16596317
42.558728515625,0.17244601,0.17244601
42.5628984375,0.0418036,0.0418036
42.56628125,0.95575714,0.95575714
42.5696171875,0.13251269,0.13251269
42.571896484375,0.36043894,0.36043894
42.575958984375,-0.30582047,-0.30582047
42.580701171875,0.107810974,0.107810974
42.583580078125,0.15314865,0.15314865
42.59250390625,0.2958926,0.2958926
42.59490625,0.5834557,0.5834557
42.59913671875,0.19580233,0.19580233
42.602986328125,0.13235998,0.13235998
42.611185546875,-0.2334944,-0.2334944
42.615544921875,0.121362925,0.121362925
42.6188046875,0.19789815,0.19789815
42.624845703125,0.5366547,0.5366547
42.640201171875,0.20836973,0.20836973
42.64257421875,-0.35722828,-0.35722828
42.644701171875,0.4044981,0.4044981
42.649892578125,0.11185336,0.11185336
42.655232421875,0.42805302,0.42805302
42.657330078125,0.30013263,0.30013263
42.663423828125,0.15695798,0.15695798
42.67336328125,-0.08203566,-0.08203566
42.67875,0.6273204,0.6273204
42.6854453125,0.1372534,0.1372534
42.6880859375,0.40881133,0.40881133
42.69166796875,0.1515274,0.1515274
42.701576171875,-0.056417227,-0.056417227
42.7120234375,0.9534862,0.9534862
42.717619140625,0.53390515,0.53390515
42.720912109375,0.28793466,0.28793466
42.725337890625,0.104225636,0.104225636
42.72962109375,-0.25727987,-0.25727987
42.74123828125,-0.0500803,-0.0500803
42.7434140625,0.08792007,0.08792007
42.7466953125,0.39778364,0.39778364
42.754173828125,0.2161752,0.2161752
42.756724609375,0.42707622,0.42707622
42.75886328125,-0.109761,-0.109761
42.762830078125,0.22247815,0.22247815
42.765259765625,0.14790499,0.14790499
42.775900390625,0.44227743,0.44227743
42.78410546875,0.66148996,0.66148996
42.79184765625,0.14193738,0.14193738
42.794126953125,0.56201684,0.56201684
42.797072265625,-0.16631556,-0.16631556
42.800259765625,0.61850035,0.61850035
42.805857421875,0.47914684,0.47914684
42.817609375,-0.4926387,-0.4926387
42.830017578125,0.46573305,0.46573305
42.835361328125,0.4221158,0.4221158
42.8446640625,0.17627263,0.17627263
42.85804296875,0.8007114,0.8007114
42.86312109375,0.25801408,0.25801408
42.866056640625,0.73401976,0.73401976
42.870134765625,-0.08709395,-0.08709395
42.882451171875,0.13062882,0.13062882
42.89262890625,0.09282005,0.09282005
42.89593359375,0.079440355,0.079440355
42.900794921875,0.85529923,0.85529923
42.90490234375,0.1588372,0.1588372
42.907580078125,-0.47910964,-0.47910964
42.914888671875,0.9999999,0.9999999
42.920345703125,0.13136649,0.13136649
42.92893359375,0.2457273,0.2457273
42.936060546875,-0.7528101,-0.7528101
42.938224609375,-0.1087383,-0.1087383
42.94456640625,-0.05400908,-0.05400908
42.9492890625,0.07616031,0.07616031
42.960861328125,0.148682,0.148682
42.968259765625,0.9999999,0.9999999
42.9718671875,-0.644441,-0.644441
42.97404296875,0.1068784,0.1068784
42.981974609375,0.07685363,0.07685363
42.98442578125,0.0824641,0.0824641
42.988859375,-0.046337843,-0.046337843
42.99279296875,0.1505475,0.1505475
42.997658203125,-0.23589087,-0.23589087
43.0078203125,-0.6018512,-0.6018512
43.009970703125,-0.08495259,-0.08495259
43.01862109375,0.14355421,0.14355421
43.02174609375,0.8867835,0.8867835
43.02429296875,0.12486696,0.12486696
43.043626953125,-0.6457585,-0.6457585
43.045787109375,-0.10525155,-0.10525155
43.05562109375,0.16588902,0.16588902
43.073158203125,0.8662021,0.8662021
43.07795703125,-0.6241416,-0.6241416
43.08011328125,-0.057326198,-0.057326198
43.08560546875,-0.39302647,-0.39302647
43.093728515625,0.38849807,0.38849807
43.098173828125,-0.007789016,-0.007789016
43.113087890625,-0.4581102,-0.4581102
43.115240234375,-0.042505383,-0.042505383
43.123537109375,0.964733,0.964733
43.131076171875,0.30189502,0.30189502
43.138474609375,-0.011904955,-0.011904955
43.148978515625,-0.1771326,-0.1771326
43.168849609375,0.15548396,0.15548396
43.174234375,0.9247551,0.9247551
43.188974609375,-0.1369524,-0.1369524
43.2069453125,-0.27293837,-0.27293837
43.212232421875,-0.024712682,-0.024712682
43.220357421875,0.05540502,0.05540502
43.226046875,0.774179,0.774179
43.231880859375,-0.1280011,-0.1280011
43.236146484375,0.0602597,0.0602597
43.244173828125,-0.19306767,-0.19306767
43.25026953125,-0.04806578,-0.04806578
43.2606953125,-0.38100803,-0.38100803
43.26878125,0.08129406,0.08129406
43.276576171875,0.9999999,0.9999999
43.279517578125,-0.033833385,-0.033833385
43.28808203125,0.081991196,0.081991196
43.30241796875,0.11667681,0.11667681
43.30599609375,0.079553604,0.079553604
43.3088828125,0.16383481,0.16383481
43.3287109375,0.67490625,0.67490625
43.334904296875,0.10757494,0.10757494
43.339140625,0.032551408,0.032551408
43.34344140625,0.061679482,0.061679482
43.350662109375,-0.2534436,-0.2534436
43.36518359375,0.13948631,0.13948631
43.368103515625,0.10634494,0.10634494
43.371341796875,-0.010066032,-0.010066032
43.379666015625,0.88956094,0.88956094
43.382998046875,0.13856769,0.13856769
43.396095703125,0.15654957,0.15654957
43.40146875,-0.035670877,-0.035670877
43.42337109375,0.10060167,0.10060167
43.425716796875,0.961949,0.961949
43.430552734375,0.16717148,0.16717148
43.4354375,-0.0738523,-0.0738523
43.440646484375,-0.3617344,-0.3617344
43.450294921875,0.14069247,0.14069247
43.463140625,0.23665619,0.23665619
43.468267578125,-0.054246426,-0.054246426
43.4708984375,0.93103707,0.93103707
43.4778984375,0.12869799,0.12869799
43.49750390625,0.22809553,0.22809553
43.501787109375,-0.08411574,-0.08411574
43.505078125,-0.081026554,-0.081026554
43.513033203125,0.23444486,0.23444486
43.516478515625,0.6656662,0.6656662
43.528640625,-0.22022033,-0.22022033
43.53226953125,0.15337515,0.15337515
43.535302734375,0.4638666,0.4638666
43.555015625,0.22321928,0.22321928
43.5588828125,-0.13949084,-0.13949084
43.562958984375,0.87869775,0.87869775
43.578009765625,-0.019839525,-0.019839525
43.58701953125,0.6348245,0.6348245
43.58928125,-0.11516595,-0.11516595
43.59395703125,0.14510667,0.14510667
43.60605078125,0.9361783,0.9361783
43.613623046875,0.12835574,0.12835574
43.618673828125,-0.17258275,-0.17258275
43.628810546875,0.13625324,0.13625324
43.637083984375,0.9654418,0.9654418
43.642533203125,0.16954124,0.16954124
43.647896484375,0.55035627,0.55035627
43.650365234375,-0.029917717,-0.029917717
43.661583984375,0.13312101,0.13312101
43.67466796875,-0.072677255,-0.072677255
43.67973046875,-0.17439663,-0.17439663
43.685216796875,0.4340403,0.4340403
43.690564453125,0.9799241,0.9799241
43.708640625,-0.23147285,-0.23147285
43.711939453125,0.30609775,0.30609775
43.721169921875,0.16487086,0.16487086
43.726755859375,0.45715487,0.45715487
43.73437890625,0.83338416,0.83338416
43.745638671875,0.21691644,0.21691644
43.750197265625,0.14105809,0.14105809
43.75644140625,-0.044098973,-0.044098973
43.772048828125,0.30122256,0.30122256
43.778875,0.22039962,0.22039962
43.7815625,0.95736384,0.95736384
43.79767578125,0.25178874,0.25178874
43.807005859375,0.12141597,0.12141597
43.812298828125,0.54357135,0.54357135
43.831689453125,0.7384652,0.7384652
43.83628515625,0.08807194,0.08807194
43.8437890625,0.23334539,0.23334539
43.8516953125,0.6503922,0.6503922
43.86460546875,0.06584227,0.06584227
43.86828515625,0.20887697,0.20887697
43.876638671875,0.2782693,0.2782693
43.8827578125,-0.026377678,-0.026377678
43.885705078125,-0.17447126,-0.17447126
43.890126953125,0.9999999,0.9999999
43.9088359375,0.2978226,0.2978226
43.911591796875,0.2944318,0.2944318
43.92920703125,0.8146161,0.8146161
43.939814453125,0.3667096,0.3667096
43.947685546875,-0.18594813,-0.18594813
43.96941015625,0.68644035,0.68644035
43.972783203125,0.19698703,0.19698703
43.98057421875,-0.19055307,-0.19055307
43.999083984375,0.7949586,0.7949586
44.011685546875,0.889392,0.889392
44.029076171875,0.9999999,0.9999999
44.04096875,0.40288806,0.40288806
44.05170703125,-0.9612286,-0.9612286
44.058369140625,0.9999999,0.9999999
44.06168359375,0.14355361,0.14355361
44.07036328125,0.34690762,0.34690762
44.087724609375,-0.91477644,-0.91477644
44.091767578125,0.12641954,0.12641954
44.09933203125,0.4693942,0.4693942
44.117419921875,0.79950607,0.79950607
44.121630859375,0.779443,0.779443
44.1285703125,0.7571175,0.7571175
44.13069921875,0.19742894,0.19742894
44.14733203125,-0.2204324,-0.2204324
44.149673828125,-0.20696926,-0.20696926
44.155912109375,0.8899013,0.8899013
44.15909375,-0.9274746,-0.9274746
44.169220703125,0.22379231,0.22379231
44.177109375,-0.7492558,-0.7492558
44.19196875,0.6952635,0.6952635
44.2059140625,-0.6366174,-0.6366174
44.209455078125,0.23601902,0.23601902
44.226802734375,-0.9631674,-0.9631674
44.229119140625,0.9999999,0.9999999
44.236212890625,0.96637,0.96637
44.249705078125,0.2628188,0.2628188
44.26212109375,0.8191261,0.8191261
44.267388671875,0.4734521,0.4734521
44.289986328125,0.3301438,0.3301438
44.293626953125,0.87495005,0.87495005
44.297716796875,0.9885056,0.9885056
44.307216796875,0.622072,0.622072
44.321302734375,0.43472457,0.43472457
44.324626953125,0.23050952,0.23050952
44.333970703125,-1.0,-1.0
44.347185546875,0.9999999,0.9999999
44.35021875,-0.01725936,-0.01725936
44.3695625,-0.75658023,-0.75658023
44.37740625,0.82185805,0.82185805
44.388150390625,0.8410294,0.8410294
44.405064453125,-0.653872,-0.653872
44.411720703125,0.21732605,0.21732605
44.424421875,0.86081016,0.86081016
44.43028125,0.9415797,0.9415797
44.4396015625,-0.8479388,-0.8479388
44.470291015625,0.7113291,0.7113291
44.473923828125,0.30382037,0.30382037
44.476376953125,0.9162061,0.9162061
44.498740234375,-0.2424587,-0.2424587
44.5022890625,-0.054527044,-0.054527044
44.508560546875,-0.9849354,-0.9849354
44.51800390625,0.26223016,0.26223016
44.52250390625,0.54000056,0.54000056
44.536109375,0.10521197,0.10521197
44.542451171875,0.61479056,0.61479056
44.562560546875,-0.5604632,-0.5604632
44.56948046875,0.7082193,0.7082193
44.57687109375,0.612241,0.612241
44.592359375,-0.20658302,-0.20658302
44.603576171875,-0.049451232,-0.049451232
44.607333984375,-0.58902824,-0.58902824
44.611173828125,0.3934579,0.3934579
44.61705078125,0.8475046,0.8475046
44.635904296875,-0.048683405,-0.048683405
44.6446484375,0.24979413,0.24979413
44.650505859375,-0.55603504,-0.55603504
44.665373046875,0.9587624,0.9587624
44.667412109375,-0.07535279,-0.07535279
44.67730859375,0.17095649,0.17095649
44.679640625,-0.10575187,-0.10575187
44.69693359375,-0.4456476,-0.4456476
44.7002109375,0.13227701,0.13227701
44.709478515625,0.14928305,0.14928305
44.71387109375,0.8550694,0.8550694
44.73601953125,0.1233021,0.1233021
44.742224609375,0.1486454,0.1486454
44.750615234375,-0.6816596,-0.6816596
44.759177734375,0.6163491,0.6163491
44.767669921875,-0.07943404,-0.07943404
44.77142578125,-0.15072834,-0.15072834
44.775400390625,0.13378549,0.13378549
44.7993984375,0.74524355,0.74524355
44.80713671875,0.48923373,0.48923373
44.8105234375,0.9999999,0.9999999
44.84072265625,0.9926635,0.9926635
44.857744140625,-0.21415365,-0.21415365
44.86584375,0.6498697,0.6498697
44.87544140625,0.9960295,0.9960295
44.88577734375,0.9999999,0.9999999
44.9084453125,-0.717131,-0.717131
44.912310546875,0.3690945,0.3690945
44.916322265625,-0.16145742,-0.16145742
44.936576171875,0.71555793,0.71555793
44.940501953125,-0.5248928,-0.5248928
44.94860546875,-0.23651505,-0.23651505
44.951169921875,0.49693334,0.49693334
44.963197265625,-0.09526515,-0.09526515
44.97161328125,-0.4139737,-0.4139737
44.980728515625,0.40508676,0.40508676
44.991673828125,-0.43101072,-0.43101072
45.003048828125,0.43005335,0.43005335
45.007580078125,-0.046228528,-0.046228528
45.02165625,0.12310326,0.12310326
45.03551171875,-0.27370346,-0.27370346
45.050697265625,0.10251796,0.10251796
45.06009375,0.10026324,0.10026324
45.06437890625,0.2251904,0.2251904
45.07862890625,-0.39276385,-0.39276385
45.092939453125,0.13860857,0.13860857
45.09764453125,-0.027212381,-0.027212381
45.122119140625,-0.62421095,-0.62421095
45.126703125,-0.21957707,-0.21957707
45.132498046875,0.07795417,0.07795417
45.1356875,-0.060352802,-0.060352802
45.15022265625,0.087403774,0.087403774
45.160494140625,0.519035,0.519035
45.17206640625,-0.03260863,-0.03260863
45.195416015625,0.46367717,0.46367717
45.20621875,0.08541846,0.08541846
45.21402734375,-0.016666174,-0.016666174
45.216662109375,-0.19703817,-0.19703817
45.227771484375,0.2386353,0.2386353
45.24074609375,-0.03367853,-0.03367853
45.255099609375,-0.01709485,-0.01709485
45.258736328125,0.18776631,0.18776631
45.273390625,-0.0721128,-0.0721128
45.280046875,-0.08069575,-0.08069575
45.289140625,0.18039751,0.18039751
45.29652734375,0.12367153,0.12367153
45.305662109375,-0.120737314,-0.120737314
45.3178828125,0.1800046,0.1800046
45.329921875,0.104266405,0.104266405
45.335197265625,0.13220155,0.13220155
45.337689453125,0.34871006,0.34871006
45.345625,0.15084219,0.15084219
45.370728515625,0.49582863,0.49582863
45.37298828125,0.1426276,0.1426276
45.384240234375,-0.100328326,-0.100328326
45.39568359375,-0.124259114,-0.124259114
45.399525390625,0.0997653,0.0997653
45.4049375,0.9999999,0.9999999
45.410255859375,0.105350256,0.105350256
45.415001953125,-0.104492664,-0.104492664
45.42579296875,0.13769507,0.13769507
45.441228515625,0.9631703,0.9631703
45.447181640625,0.090123415,0.090123415
45.449740234375,-0.06394017,-0.06394017
45.452265625,0.15862036,0.15862036
45.47956640625,-1.0,-1.0
45.483646484375,-0.15525913,-0.15525913
45.506333984375,0.10703385,0.10703385
45.5203828125,0.09933853,0.09933853
45.533890625,0.10923588,0.10923588
45.55708984375,0.12516034,0.12516034
45.56124609375,0.78350234,0.78350234
45.57070703125,-0.15239966,-0.15239966
45.59219921875,-0.071464896,-0.071464896
45.601458984375,0.56798816,0.56798816
45.62388671875,0.14872873,0.14872873
45.628134765625,-0.020650506,-0.020650506
45.637017578125,0.81753075,0.81753075
45.659802734375,-0.20515752,-0.20515752
45.663703125,-0.02902484,-0.02902484
45.669697265625,0.55305195,0.55305195
45.701544921875,0.4074875,0.4074875
45.733369140625,0.9999999,0.9999999
45.748693359375,-0.03574288,-0.03574288
45.754865234375,0.059766054,0.059766054
45.763740234375,0.4068346,0.4068346
45.7927109375,0.36319554,0.36319554
45.820119140625,-0.11285734,-0.11285734
45.838697265625,-0.15992332,-0.15992332
45.84613671875,0.1500076,0.1500076
45.87126953125,0.1323669,0.1323669
45.895396484375,0.1783191,0.1783191
45.919169921875,0.18278122,0.18278122
45.92573046875,0.19332099,0.19332099
45.942376953125,0.16932857,0.16932857
45.964921875,0.20925593,0.20925593
45.9873984375,0.14667356,0.14667356
46.01033203125,0.15627372,0.15627372
46.012712890625,-0.12313509,-0.12313509
46.033580078125,0.19191432,0.19191432
46.058283203125,0.08165836,0.08165836
46.085966796875,0.08267641,0.08267641
46.100689453125,-0.109994054,-0.109994054
46.11737109375,0.06439233,0.06439233
46.188435546875,0.1687119,0.1687119
46.277732421875,0.16436958,0.16436958
46.304876953125,-0.021659374,-0.021659374
46.3339765625,0.08731544,0.08731544
46.366654296875,-0.18919325,-0.18919325
46.370228515625,-0.049037457,-0.049037457
46.432716796875,-0.047739387,-0.047739387
46.456658203125,-0.18914127,-0.18914127
46.493388671875,-0.06265497,-0.06265497
46.546654296875,0.21661103,0.21661103
46.63563671875,-0.25224602,-0.25224602
46.722701171875,-0.31312978,-0.31312978
46.811658203125,-0.13388002,-0.13388002
46.898673828125,0.34198213,0.34198213
46.98834375,-0.273888,-0.273888
47.078611328125,-0.29014206,-0.29014206
47.169615234375,-0.14999211,-0.14999211
47.2587265625,-0.36744106,-0.36744106
47.345705078125,-0.34628808,-0.34628808
47.4356640625,-0.26678038,-0.26678038
47.5236796875,-0.2534201,-0.2534201
47.610720703125,-0.24077713,-0.24077713
47.698685546875,-0.22950041,-0.22950041
47.789416015625,-0.21130836,-0.21130836
47.89368359375,-0.18382525,-0.18382525
47.938798828125,0.057708383,0.057708383
47.972150390625,0.056722045,0.056722045
47.98369140625,-0.14911568,-0.14911568
48.070853515625,-0.16007018,-0.16007018
48.16068359375,-0.120103,-0.120103
48.2517265625,-0.07864499,-0.07864499
48.341751953125,-0.06927693,-0.06927693
48.428767578125,-0.08383751,-0.08383751
48.51575390625,-0.12350762,-0.12350762
48.60468359375,-0.11796427,-0.11796427
48.694642578125,-0.15477669,-0.15477669
48.78364453125,-0.10128498,-0.10128498
48.803767578125,-0.04177451,-0.04177451
48.871716796875,-0.17049146,-0.17049146
48.96264453125,-0.18722093,-0.18722093
49.052666015625,-0.10150993,-0.10150993
49.1397109375,-0.20471919,-0.20471919
49.228677734375,-0.23468685,-0.23468685
49.3186171875,-0.26055467,-0.26055467
49.406640625,-0.29264665,-0.29264665
49.495703125,-0.1447705,-0.1447705
49.586375,-0.1618427,-0.1618427
49.6746328125,-0.22468615,-0.22468615
49.765634765625,-0.3395449,-0.3395449
49.856611328125,-0.36274385,-0.36274385
49.9436640625,-0.36263764,-0.36263764
50.030708984375,-0.249156,-0.249156
50.11768359375,-0.3934102,-0.3934102
50.208625,-0.39466524,-0.39466524
50.29662109375,-0.3745681,-0.3745681
50.3845625,-0.3484465,-0.3484465
50.472564453125,-0.14502716,-0.14502716
50.55984375,-0.24432409,-0.24432409
50.64759375,-0.1453259,-0.1453259
50.7376015625,-0.2097323,-0.2097323
50.827619140625,-0.13598335,-0.13598335
50.917591796875,-0.31463993,-0.31463993
51.007599609375,-0.15198314,-0.15198314
51.09573828125,-0.22588968,-0.22588968
51.11625,-0.053046584,-0.053046584
51.1873828125,-0.3246416,-0.3246416
51.273646484375,-0.29660273,-0.29660273
51.361662109375,-0.26369345,-0.26369345
51.449640625,-0.27683485,-0.27683485
51.536697265625,0.2693336,0.2693336
51.62471875,0.2450738,0.2450738
51.7137265625,-0.15537155,-0.15537155
51.800767578125,-0.12435436,-0.12435436
51.890728515625,-0.14824879,-0.14824879
51.980693359375,-0.11630821,-0.11630821
52.069712890625,-0.12125468,-0.12125468
52.157796875,-0.14653563,-0.14653563
52.24773828125,-0.17008388,-0.17008388
52.337705078125,0.22935009,0.22935009
52.42569921875,-0.1945349,-0.1945349
52.515673828125,0.13776612,0.13776612
52.603658203125,0.20239282,0.20239282
52.69079296875,0.22726524,0.22726524
52.78065625,0.20746362,0.20746362
52.868677734375,0.26817036,0.26817036
52.9597734375,0.29064965,0.29064965
53.0476171875,0.23344898,0.23344898
53.13762890625,0.31585968,0.31585968
53.22570703125,0.28260016,0.28260016
53.316662109375,0.32676244,0.32676244
53.404650390625,0.16715062,0.16715062
53.4919609375,0.19429004,0.19429004
53.579619140625,0.24954605,0.24954605
53.666693359375,-0.24085605,-0.24085605
53.75674609375,0.26095557,0.26095557
53.84469921875,0.2879951,0.2879951
53.931728515625,0.32041728,0.32041728
54.02270703125,0.25991166,0.25991166
54.10965625,0.34151423,0.34151423
54.199623046875,0.14470577,0.14470577
54.28669140625,0.39093494,0.39093494
54.373658203125,0.35669577,0.35669577
54.460669921875,0.14050698,0.14050698
54.547640625,0.1525389,0.1525389
54.634640625,-0.21405697,-0.21405697
54.7256171875,-0.13190615,-0.13190615
54.814625,-0.14437735,-0.14437735
54.90462109375,-0.256961,-0.256961
54.995404296875,-0.06881249,-0.06881249
55.082728515625,-0.20287228,-0.20287228
55.16965234375,-0.28126836,-0.28126836
55.25768359375,-0.20492554,-0.20492554
55.346689453125,-0.22025037,-0.22025037
55.4366328125,-0.33818233,-0.33818233
55.52562890625,-0.17631412,-0.17631412
55.613619140625,-0.27574515,-0.27574515
55.700671875,0.2573117,0.2573117
55.790359375,0.25989294,0.25989294
55.875689453125,-0.0680213,-0.0680213
55.962701171875,-0.21220195,-0.21220195
56.0526796875,-0.12636828,-0.12636828
56.13973046875,-0.14273429,-0.14273429
56.228650390625,-0.076562524,-0.076562524
56.315708984375,-0.082836986,-0.082836986
56.402751953125,-0.093556166,-0.093556166
56.49273046875,-0.14096606,-0.14096606
56.581681640625,0.14148545,0.14148545
56.668732421875,0.1251049,0.1251049
56.756654296875,0.22915041,0.22915041
56.84369921875,0.2334038,0.2334038
56.930736328125,-0.3061942,-0.3061942
57.018642578125,0.28737724,0.28737724
57.107681640625,-0.34012437,-0.34012437
57.197669921875,-0.33536088,-0.33536088
57.285619140625,0.34565008,0.34565008
57.373634765625,0.31613576,0.31613576
57.463705078125,0.21322536,0.21322536
57.553638671875,0.3241831,0.3241831
57.6446796875,0.27670515,0.27670515
57.735662109375,0.2714715,0.2714715
57.822697265625,0.22719228,0.22719228
57.91265625,0.23654974,0.23654974
58.002748046875,-0.17086172,-0.17086172
58.090705078125,0.2418257,0.2418257
58.177751953125,0.18720734,0.18720734
58.2686796875,-0.23401248,-0.23401248
58.355712890625,-0.21219611,-0.21219611
58.44466796875,-0.1492095,-0.1492095
58.5346953125,-0.11935878,-0.11935878
58.621736328125,-0.20446098,-0.20446098
58.711697265625,-0.22040856,-0.22040856
58.79969921875,-0.23085761,-0.23085761
58.88669140625,-0.22108376,-0.22108376
58.973693359375,0.25102592,0.25102592
59.060771484375,0.22600138,0.22600138
59.150671875,0.20968568,0.20968568
59.239666015625,0.276955,0.276955
59.329693359375,0.060711384,0.060711384
59.417625,-0.2732259,-0.2732259
59.505669921875,0.13825011,0.13825011
59.59434375,0.2045883,0.2045883
59.683630859375,-0.08401859,-0.08401859
59.774650390625,0.31736302,0.31736302
59.862625,-0.3464179,-0.3464179
59.95357421875,-0.29823148,-0.29823148
